"name","rating","year","game_type","achievements","genre","price","24h_peak"
".hack//G.U. Last Recode",80," 2017","Single-player",52,"RPG",49.99,87
"1 Moment Of Time: Silentville",60," 2016","Single-player",43,"Adventure",0.99,2
"1,000 Heads Among the Trees",50," 2015","Single-player",6,"Indie",6.99,1
"10,000,000",80," 2013","Single-player",14,"Action",4.99,7
"100% Orange Juice",80," 2013","Single-player",165,"Indie",6.99,247
"12 Labours of Hercules II: The Cretan Bull",80," 2015","Single-player",22,"Casual",2.99,5
"12 Labours of Hercules III: Girl Power",80," 2015","Single-player",22,"Casual",2.99,5
"16bit Trader",40," 2015","Single-player",16,"Adventure",2.99,8
"1931: Scheherazade at the Library of Pergamum",50," 2015","Single-player",91,"Casual",14.99,3
"28 Waves Later",20," 2017","Single-player",9,"Action",3.99,1
"365 Days",40," 2019","Single-player",33,"Action",9.99,1
"60 Seconds!",60," 2015","Single-player",56,"Adventure",9.99,38
"8infinity",60," 2016","Single-player",6,"Action",0.99,3
"911 Operator",80," 2017","Single-player",18,"Casual",88.94,140
"A-Gents",60," 2016","Single-player",17,"Action",4.99,0
"A Bird Story",80," 2014","Single-player",1,"Adventure",3.99,7
"A Dance of Fire and Ice",80," 2019","Single-player",20,"Indie",3.99,1880
"A Game of Dwarves",50," 2012","Single-player",29,"Strategy",9.99,3
"A Hat in Time",90," 2017","Single-player",46,"Adventure",29.99,240
"A Plague Tale: Innocence",80," 2019","Single-player",35,"Action",44.99,397
"A Story About My Uncle",80," 2014","Single-player",15,"Adventure",12.99,22
"AaAaAA!!! - A Reckless Disregard for Gravity",80," 2009","Single-player",7,"Action",9.99,1
"Absolver",50," 2017","Single-player",22,"Action",29.99,45
"Across The Moment",70," 2017","Single-player",12,"Adventure",2.99,0
"Action Alien",60," 2015","Single-player",19,"Action",3.99,2
"Actual Sunlight",60," 2014","Single-player",1,"Adventure",4.99,1
"Adorables",50," 2016","Single-player",46,"Casual",2.99,99
"Adventurer Manager",50," 2014","Single-player",74,"Casual",4.99,2
"Aerial Destruction",60," 2017","Single-player",15,"Action",3.99,3
"Aftercharge",80," 2019","Online Multi-Player",19,"Action",19.99,0
"Agarest: Generations of War",60," 2014","Single-player",50,"Adventure",14.99,15
"Age of Mythology: Extended Edition",80," 2014","Single-player",70,"Simulation",29.99,2151
"Age of Steel: Recharge",50," 2016","Single-player",20,"Action",6.99,2
"Age of Wonders III",60," 2014","Single-player",74,"RPG",29.99,540
"Agent Awesome",60," 2015","Single-player",39,"Strategy",1.99,1
"Agents of Mayhem",50," 2017","Single-player",49,"Action",29.99,23
"Agony",50," 2018","Single-player",36,"Action",14.99,6
"AI War: Fleet Command",80," 2009","Single-player",322,"Indie",9.99,4
"Airships: Conquer the Skies",80," 2018","Single-player",9,"Action",14.99,79
"Airstrike HD",50," 2016","Single-player",12,"Casual",1.99,5
"Alan Wake",80," 2012","Single-player",67,"Action",14.99,76
"Alchemist",50," 2016","Single-player",18,"Action",2.99,0
"Alice's Patchwork",80," 2016","Single-player",18,"Casual",34.93,5
"Alice's Patchworks 2",60," 2016","Single-player",18,"Casual",64.87,3
"Alien Shooter",80," 2003","Single-player",17,"Action",4.99,188
"Alien: Isolation",80," 2014","Single-player",50,"Action",39.99,302
"Alpacapaca Dash",80," 2017","Single-player",13,"Casual",0.99,1
"aMAZE",60," 2017","Single-player",14,"Casual",48.55,34
"aMAZE 2",80," 2017","Single-player",10,"Casual",48.55,38
"American Truck Simulator",80," 2016","Single-player",51,"Indie",19.99,7851
"Amigdala",50," 2016","Single-player",15,"Action",5.99,1
"Amnesia: A Machine for Pigs",50," 2013","Single-player",7,"Action",19.99,18
"Amnesia: The Dark Descent",90," 2010","Single-player",18,"Action",19.99,79
"Ancestors Legacy",60," 2018","Single-player",62,"Strategy",84.97,69
"And Yet It Moves",60," 2009","Single-player",30,"Action",9.99,2
"Animal Rivals",40," 2017","Single-player",10,"Action",6.99,0
"Anomaly 2",60," 2013","Single-player",65,"Action",14.99,5
"Anomaly Defenders",60," 2014","Single-player",20,"Action",9.99,7
"Anomaly Warzone Earth Mobile Campaign",60," 2013","Single-player",39,"Action",4.99,3
"Anoxemia",50," 2015","Single-player",23,"Adventure",3.99,1
"Antisphere",50," 2017","Single-player",46,"Action",1.99,6
"Apartment 666",40," 2016","Single-player",2,"Action",0.99,2
"Approaching Blocks",50," 2016","Single-player",16,"Casual",1.99,12
"Aragami",80," 2016","Single-player",51,"Action",19.99,46
"Arcade Tale",40," 2017","Single-player",241,"Adventure",0.99,0
"Archery Practice VR",40," 2017","Single-player",5000,"Action",0.99,0
"ARK: Survival Evolved",50," 2017","Single-player",32,"Action",49.99,68378
"Arma 3",80," 2013","Single-player",104,"Action",57.98,13174
"Armello",80," 2015","Single-player",50,"Adventure",19.99,166
"Armored Gear",50," 2017","Single-player",16,"Action",3.99,1
"Army of Tentacles: (Not) A Cthulhu Dating Sim",60," 2016","Single-player",69,"Adventure",67.9,1
"Ascendant",80," 2014","Single-player",60,"Action",9.99,1
"Ash of Gods: Redemption",60," 2018","Single-player",50,"Adventure",24.99,15
"Ashes of the Singularity: Escalation",60," 2016","Single-player",54,"Indie",29.99,58
"Assetto Corsa",80," 2014","Single-player",709,"Indie",19.99,11019
"Asteroid Bounty Hunter",50," 2016","Single-player",32,"Action",4.99,3
"ASTRONEER",80," 2016","Single-player",54,"Adventure",29.99,2322
"Atonement 2: Ruptured by Despair",60," 2016","Single-player",47,"RPG",5.99,1
"Atonement: Scourge of Time",60," 2015","Single-player",36,"Adventure",8.99,3
"Attack on Titan / A.O.T. Wings of Freedom",80," 2016","Single-player",43,"Action",59.99,15
"Aven Colony",50," 2017","Single-player",48,"Indie",29.99,34
"AWA",50," 2016","Single-player",30,"Action",2.99,0
"Axis Football 2015",60," 2015","Single-player",14,"Sports",4.99,3
"AXYOS",50," 2018","Online Multi-Player",21,"Action",4.99,29
"Baba Is You",90," 2019","Single-player",18,"Indie",14.99,170
"Back to Bed",60," 2014","Single-player",20,"Action",5.99,6
"Bacon Tales - Between Pigs and Wolves",50," 2017","Single-player",11,"Casual",5.99,1
"Bad North",60," 2018","Single-player",11,"Action",14.99,99
"Baldur's Gate II: Enhanced Edition",80," 2013","Single-player",93,"RPG",151.89,596
"Baldur's Gate: Enhanced Edition",80," 2013","Single-player",129,"RPG",151.89,665
"Ballistic Overkill",60," 2017","Online Multi-Player",45,"Action",11.99,46
"Ballistic Protection",50," 2016","Single-player",10,"Action",0.99,1
"Bang Bang Fruit",40," 2017","Single-player",3,"Casual",24.77,11
"Banished",80," 2014","Single-player",36,"Indie",19.99,945
"Barony",80," 2015","Single-player",141,"Action",14.99,370
"BARRIER X",80," 2016","Single-player",7,"Action",2.99,47
"Barro",60," 2018","Single-player",109,"Casual",0.99,46
"Bastion",90," 2011","Single-player",24,"Action",14.99,48
"Batman - The Telltale Series",60," 2016","Single-player",30,"Adventure",14.99,52
"Batman: The Enemy Within - The Telltale Series",80," 2017","Single-player",30,"Adventure",14.99,42
"Battle Brothers",80," 2017","Single-player",89,"Indie",29.99,1370
"Battlefleet Gothic: Armada",50," 2016","Single-player",50,"Strategy",29.99,42
"Battlefleet Gothic: Armada 2",60," 2019","Single-player",91,"Strategy",39.99,397
"Battleplan: American Civil War",50," 2014","Single-player",95,"Casual",9.99,1
"Battlestar Galactica Deadlock",60," 2017","Single-player",26,"Strategy",39.99,87
"BattleStorm",70," 2016","Single-player",24,"Action",2.99,1
"BATTLETECH",60," 2018","Single-player",128,"Action",39.99,1795
"Bayonetta",80," 2017","Single-player",50,"Action",19.99,238
"Beholder",80," 2016","Single-player",60,"Adventure",9.99,834
"Beholder 2",80," 2018","Single-player",52,"Adventure",14.99,796
"Bell Ringer",40," 2016","Single-player",15,"Action",6.99,2
"BERSERK and the Band of the Hawk",60," 2017","Single-player",40,"Action",59.99,16
"Big Pharma",60," 2015","Single-player",25,"Indie",24.99,13
"Binaries",70," 2016","Single-player",21,"Action",9.99,5
"Binary Domain",80," 2012","Single-player",49,"Action",14.99,19
"Bionic Dues",80," 2013","Single-player",220,"Indie",9.99,3
"BioShock Infinite",90," 2013","Single-player",80,"Action",29.99,386
"Bit Blaster XL",90," 2016","Single-player",17,"Action",0.99,8
"BIT.TRIP BEAT",80," 2010","Single-player",26,"Action",9.99,2
"Bizarre Earthquake",50," 2016","Single-player",16,"Adventure",1.99,1
"Black Home",60," 2015","Single-player",22,"Adventure",9.99,9
"Blackguards",50," 2014","Single-player",45,"Indie",9.99,21
"Blackwater Bayou VR",40," 2017","Single-player",17,"Action",0.99,1
"Bladed Fury",80," 2018","Single-player",24,"Action",9.99,4
"Blast Zone! Tournament",70," 2019","Single-player",45,"Action",19.99,1
"BlazBlue Centralfiction",80," 2017","Single-player",48,"Action",39.99,364
"Blitzkrieg 3",50," 2017","Single-player",75,"Strategy",9.99,12
"Blockland",50," 2007","Single-player",11,"Action",9.99,43
"Blockstorm",60," 2015","Online Multi-Player",131,"Action",71.93,5
"Blood Bowl 2",60," 2015","Single-player",31,"Sports",19.99,698
"Blood Bowl: Chaos Edition",60," 2012","Single-player",22,"Sports",14.99,33
"Blood Ties",50," 2016","Single-player",5,"Adventure",3.99,10
"Bloody Trapland",80," 2013","Single-player",29,"Action",9.99,13
"Bloons TD 6",50," 2018","Single-player",49,"Strategy",9.99,12120
"Bomber Crew",80," 2017","Single-player",30,"Simulation",14.99,102
"Book of Demons",80," 2018","Single-player",202,"Action",24.99,24
"Bootombaa",40," 2017","Single-player",4765,"Action",0.99,0
"Borderlands 2",90," 2012","Single-player",75,"Action",19.99,3176
"Borderlands: The Pre-Sequel",80," 2014","Single-player",63,"Action",39.99,448
"Borderless Gaming",80," 2015","Single-player",1,"Utilities",3.99,579
"Botology",40," 2015","Single-player",56,"Action",0.99,0
"Bound By Flame",50," 2014","Single-player",41,"Action",19.99,14
"Boundless",60," 2018","Online Multi-Player",59,"Action",39.99,84
"Braveland",80," 2014","Single-player",21,"Adventure",4.99,6
"Breathing Fear",80," 2016","Single-player",11,"Adventure",2.99,0
"Bridge Constructor Portal",80," 2017","Single-player",16,"Simulation",9.99,41
"Broadside",40," 2015","Single-player",22,"Action",0.99,0
"Broforce",90," 2015","Single-player",17,"Action",14.99,388
"Broken Armor",50," 2016","Single-player",22,"Action",4.99,14
"Broken Sword 5 - the Serpent's Curse",80," 2014","Single-player",35,"Adventure",24.99,26
"Bulby - Diamond Course",50," 2017","Single-player",6,"Adventure",2.99,16
"Bulletstorm: Full Clip Edition",80," 2017","Single-player",60,"Action",39.99,42
"Bunnyrama",70," 2016","Single-player",13,"Adventure",2.99,0
"Burgers",50," 2015","Single-player",5,"Action",2.99,1
"Bus Simulator 16",50," 2016","Single-player",30,"Simulation",17.99,28
"Bus Simulator 18",50," 2018","Single-player",23,"Simulation",34.99,269
"Bye-Bye, Wacky Planet",80," 2016","Single-player",23,"Action",3.99,1
"Call Of The Mighty Warriors",50," 2016","Single-player",25,"Indie",0.99,11
"Campfire: One of Us Is the Killer",40," 2016","Online Multi-Player",15,"Casual",2.99,154
"Cannons-Defenders: Steam Edition",50," 2017","Single-player",12,"Action",0.99,7
"Canyon Capers",50," 2014","Single-player",30,"Action",6.99,4
"Car Mechanic Simulator 2018",60," 2017","Single-player",60,"Racing",19.99,516
"CarX Drift Racing Online",80," 2017","Single-player",36,"Massively Multiplayer",9.99,3236
"Castle Story",50," 2017","Single-player",12,"Indie",24.99,109
"Cat Goes Fishing",80," 2015","Single-player",53,"Casual",6.99,117
"CAT Interstellar",50," 2017","Single-player",18,"Adventure",4.99,6
"Catch a Falling Star",80," 2016","Single-player",45,"Casual",0.99,133
"Catherine Classic",80," 2019","Single-player",50,"Adventure",19.99,63
"Cave Story+",90," 2011","Single-player",75,"Action",14.99,20
"Celeste",90," 2018","Single-player",30,"Action",19.99,1634
"Charlie's Adventure",50," 2016","Single-player",25,"Action",4.99,28
"Chasm",50," 2018","Single-player",20,"Action",19.99,13
"Chime",80," 2010","Single-player",15,"Casual",4.99,6
"Chimpology",70," 2017","Single-player",7,"Casual",1.99,2
"China: Mao's legacy",80," 2019","Single-player",48,"Indie",6.99,30
"Chip",60," 2014","Single-player",22,"Action",4.99,1
"Chivalry: Medieval Warfare",80," 2012","Online Multi-Player",49,"Action",24.99,116
"Chompy Chomp Chomp",60," 2014","Single-player",27,"Action",1.99,0
"Circle Empires",80," 2018","Single-player",66,"Casual",7.99,43
"Cities in Motion",60," 2011","Single-player",47,"Simulation",164.73,27
"Cities in Motion 2",50," 2013","Single-player",51,"Simulation",19.99,39
"Cities: Skylines",80," 2015","Single-player",104,"Simulation",29.99,19659
"City Car Driving",50," 2016","Single-player",48,"Indie",24.99,623
"City of Chains",60," 2015","Single-player",52,"Adventure",8.99,1
"Civil War: Battle of Petersburg",60," 2017","Single-player",2,"Strategy",0.99,1
"CLANNAD",90," 2015","Single-player",22,"Adventure",49.99,119
"Clickdraw Clicker",30," 2016","Single-player",224,"Action",0.99,4
"Clockwise",50," 2017","Single-player",7,"Adventure",1.99,2
"Cloudbuilt",80," 2014","Single-player",37,"Action",19.99,2
"Clue/Cluedo: The Classic Mystery Game",80," 2018","Single-player",19,"Casual",11.99,121
"Clustertruck",80," 2016","Single-player",19,"Action",14.99,74
"Co-Co CORN MAFIA",50," 2017","Single-player",4,"Action",0.99,0
"Cogs",80," 2009","Single-player",18,"Indie",5.99,4
"Color Syndrome",50," 2016","Single-player",12,"Casual",0.99,1
"Commander Cool 2",50," 2015","Single-player",20,"Action",2.99,0
"Company of Heroes 2",60," 2013","Single-player",452,"Strategy",19.99,6460
"Conan Exiles",50," 2018","Single-player",25,"Action",39.99,12211
"Conan Unconquered",50," 2019","Single-player",111,"Strategy",29.99,10
"Conclusion",40," 2016","Single-player",4,"Adventure",1.99,0
"CONSORTIUM",60," 2014","Single-player",39,"Action",9.99,1
"Contagion",60," 2013","Single-player",36,"Action",9.99,37
"Control Craft 2",50," 2016","Single-player",6,"Action",2.99,60
"Cook, Serve, Delicious!",90," 2013","Single-player",52,"Action",9.99,25
"Cook, Serve, Delicious! 2!!",80," 2017","Single-player",45,"Action",12.99,37
"Cooking Simulator",60," 2019","Single-player",152,"Casual",19.99,175
"Cooking Witch",70," 2017","Single-player",40,"Action",1.99,0
"Cortex Command",80," 2012","Single-player",11,"Action",19.99,16
"Cossacks 3",60," 2016","Single-player",103,"Strategy",19.99,973
"Counter-Strike: Source",90," 2004","Online Multi-Player",147,"Action",9.99,5049
"Cowboy zombie",60," 2017","Single-player",8,"Casual",0.99,1
"CPU Invaders",80," 2017","Single-player",13,"Casual",0.99,68
"CRACKHEAD",60," 2016","Single-player",8,"Action",0.99,2
"Craft The World",80," 2014","Single-player",75,"Indie",18.99,539
"Crash Drive 2",80," 2015","Single-player",32,"Action",4.99,7
"Crashlands",80," 2016","Single-player",36,"Action",14.99,136
"Crazy Machines 3",90," 2016","Single-player",41,"Simulation",9.99,135
"CrazyCars3D",50," 2016","Single-player",9,"Action",2.99,4
"Crea",60," 2016","Single-player",50,"Action",14.99,7
"Creeper World 3: Arc Eternal",90," 2014","Single-player",139,"Indie",14.99,257
"Crimson Earth",50," 2017","Single-player",45,"Action",0.99,0
"Crimson Earth 2",50," 2017","Single-player",53,"Action",0.99,1
"Crisis in the Kremlin",80," 2017","Single-player",32,"Indie",4.99,9
"Crispy Chicken",50," 2017","Single-player",11,"Action",3.99,0
"Cruel Arena",50," 2015","Single-player",9,"Action",0.99,0
"Crusader Kings II",80," 2012","Single-player",161,"RPG",39.99,3189
"Crypt of the NecroDancer",90," 2015","Single-player",44,"Action",14.99,178
"Crystal City",80," 2017","Single-player",6,"Adventure",3.99,2
"Cubium Dreams",50," 2016","Single-player",5,"Action",3.99,1
"Cubway",50," 2016","Single-player",15,"Action",3.99,0
"Cultist Simulator",60," 2018","Single-player",72,"Indie",19.99,215
"Cuphead",90," 2017","Single-player",28,"Action",19.99,1713
"Curious Expedition",80," 2016","Single-player",60,"Adventure",14.99,126
"Cyberhunt",80," 2017","Single-player",500,"Action",0.99,143
"Daily Chthonicle: Editor's Edition",60," 2016","Single-player",8,"Adventure",3.99,2
"Damned",60," 2014","Online Multi-Player",37,"Adventure",19.99,7
"Danganronpa 2: Goodbye Despair",90," 2016","Single-player",47,"Adventure",19.99,328
"Danganronpa V3: Killing Harmony",80," 2017","Single-player",41,"Adventure",39.99,255
"Danganronpa: Trigger Happy Havoc",90," 2016","Single-player",38,"Adventure",19.99,273
"Darkness Assault",50," 2015","Single-player",15,"Action",1.99,1
"Darksiders II Deathinitive Edition",60," 2015","Single-player",50,"Action",29.99,219
"Darksiders III",50," 2018","Single-player",59,"Action",59.99,148
"Darkwood",80," 2017","Single-player",15,"Action",14.99,117
"Data Hacker: Initiation",50," 2014","Single-player",52,"Adventure",2.99,52
"Data Hacker: Reboot",50," 2015","Single-player",40,"Adventure",4.99,29
"Dawn of Man",60," 2019","Single-player",24,"Indie",24.99,581
"Day D: Tower Rush",50," 2016","Single-player",12,"Casual",259.54,15
"Day of Defeat: Source",80," 2010","Online Multi-Player",54,"Action",9.99,539
"Day of Infamy",80," 2017","Online Multi-Player",97,"Action",14.99,53
"Day of the Tentacle Remastered",90," 2016","Single-player",58,"Adventure",14.99,43
"Daylight",50," 2014","Single-player",16,"Action",9.99,2
"Dead by Daylight",60," 2016","Online Multi-Player",128,"Action",19.99,36836
"Dead Cells",80," 2018","Single-player",60,"Action",24.99,5243
"Dead Effect",60," 2014","Single-player",61,"Action",4.99,4
"Dead In Vinland",80," 2018","Single-player",50,"Adventure",19.99,44
"Dead Island Definitive Edition",60," 2016","Single-player",57,"Action",19.99,429
"DEAD OR ALIVE 6",50," 2019","Single-player",36,"Action",59.99,165
"Dead Realm",50," 2015","Online Multi-Player",37,"Action",14.99,0
"Dead Rising 4",50," 2017","Single-player",104,"Action",29.99,123
"Deadlight",60," 2012","Single-player",31,"Action",14.99,8
"Dear Esther: Landmark Edition",60," 2017","Single-player",10,"Adventure",9.99,17
"Dear RED - Extended",50," 2016","Single-player",11,"Indie",2.99,1
"Death Rally",50," 2012","Single-player",87,"Action",9.99,6
"Death Road to Canada",80," 2016","Single-player",72,"Action",14.99,106
"DeathMetal",70," 2016","Single-player",21,"Action",2.99,0
"Deep Space Dash",40," 2016","Single-player",16,"Action",0.99,56
"DEFCON",80," 2006","Single-player",22,"Indie",9.99,30
"Defend The Highlands",70," 2015","Single-player",40,"Indie",9.99,2
"Defense Grid: The Awakening",90," 2008","Single-player",87,"Indie",9.99,78
"Deiland",60," 2018","Single-player",24,"Adventure",14.99,11
"Democracy 3",60," 2013","Single-player",42,"Indie",24.99,30
"Deponia",80," 2012","Single-player",19,"Adventure",9.99,65
"Deponia Doomsday",80," 2016","Single-player",36,"Adventure",130.92,34
"Deponia: The Complete Journey",80," 2014","Single-player",105,"Adventure",29.99,71
"Depth",80," 2014","Single-player",40,"Action",19.99,52
"Descenders",80," 2019","Single-player",34,"Action",24.99,341
"Desktop Dungeons",80," 2013","Single-player",35,"Adventure",14.99,21
"Desolate Wastes: Vendor Chronicles",50," 2017","Single-player",9,"Action",1.99,31
"Despotism 3k",80," 2018","Single-player",30,"Indie",7.99,55
"Detention",60," 2017","Single-player",8,"Adventure",11.99,18
"Deus Ex: Human Revolution - Director's Cut",80," 2013","Single-player",59,"Action",19.99,248
"Devil May Cry 5",80," 2019","Single-player",51,"Action",59.99,2748
"Devil May Cry HD Collection",80," 2018","Single-player",99,"Action",29.99,272
"Diesel Brothers: Truck Building Simulator",50," 2019","Single-player",24,"Simulation",39.98,7
"Dino D-Day",80," 2011","Online Multi-Player",77,"Action",9.99,14
"Dinosaur Hunt",50," 2015","Single-player",1080,"Action",56.86,3
"DiRT 4",50," 2017","Single-player",48,"Racing",59.99,153
"DiRT Rally",80," 2015","Single-player",170,"Racing",39.99,259
"DiRT Rally 2.0",50," 2019","Single-player",54,"Racing",59.99,1560
"Disc Jam",80," 2017","Single-player",12,"Action",14.99,3
"Dishonored",90," 2012","Single-player",80,"Action",9.99,614
"Dishonored 2",80," 2016","Single-player",50,"Action",39.99,842
"Distant Space",60," 2016","Single-player",44,"Action",0.99,2277
"Distant Worlds: Universe",60," 2014","Single-player",54,"Simulation",59.99,29
"Divinity: Dragon Commander",60," 2013","Single-player",100,"Action",39.99,7
"DLC Quest",80," 2013","Single-player",22,"Indie",2.99,3
"Do Not Feed the Monkeys",80," 2018","Single-player",33,"Indie",11.99,130
"Domina",80," 2017","Single-player",34,"Action",9.99,28
"Don't open the doors!",80," 2016","Single-player",26,"Action",10.99,3
"Doodle Kingdom",50," 2016","Single-player",14,"Action",453.42,1
"DOOM",80," 2016","Single-player",54,"Action",19.99,1007
"Door Kickers",80," 2014","Single-player",43,"Action",19.99,40
"Door Kickers: Action Squad",80," 2018","Single-player",51,"Action",13.99,107
"Dots eXtreme",70," 2016","Single-player",9,"Casual",1.99,1
"Dragon's Dogma: Dark Arisen",80," 2016","Single-player",59,"Action",29.99,834
"DRAGON BALL FighterZ",80," 2018","Single-player",35,"Action",59.99,1540
"DRAGON BALL XENOVERSE",80," 2015","Single-player",50,"Action",39.99,170
"DRAGON BALL XENOVERSE 2",60," 2016","Single-player",61,"Action",49.99,1342
"Dragonia",80," 2017","Single-player",46,"Action",1.99,6
"Drawful 2",80," 2016","Local Multi-Player",10,"Casual",9.99,29
"Dream Daddy: A Dad Dating Simulator",80," 2017","Single-player",19,"Casual",14.99,29
"Dreamfall Chapters",80," 2017","Single-player",59,"Adventure",24.99,26
"Duck Game",90," 2015","Single-player",18,"Action",12.99,302
"Duke Nukem Forever",50," 2011","Single-player",62,"Action",19.99,46
"Duke of Alpha Centauri",60," 2016","Single-player",128,"Action",4.99,2
"Dungeon Creepster",50," 2017","Single-player",500,"Action",624.74,0
"Dungeon Defenders",80," 2011","Single-player",114,"Action",14.99,260
"Dungeon of Zolthan",60," 2016","Single-player",18,"Action",0.99,41
"Dungeons 2",60," 2015","Single-player",25,"RPG",19.99,44
"Dungeons 3",80," 2017","Single-player",60,"Simulation",39.99,198
"Dungeons of Dredmor",80," 2011","Single-player",124,"Casual",4.99,46
"Dungeons: The Eye of Draconus",50," 2014","Single-player",17,"Action",2.99,1
"DungeonUp",80," 2014","Single-player",49,"Adventure",4.99,5
"Dungetris",60," 2017","Single-player",32,"Adventure",3.99,3
"Dungreed",80," 2018","Single-player",16,"Action",9.99,218
"Duo",70," 2016","Single-player",30,"Casual",1.99,0
"Dust: An Elysian Tail",90," 2013","Single-player",30,"Action",14.99,26
"Dwarflings",70," 2017","Single-player",9,"Adventure",2.99,1
"Dying Light",80," 2015","Single-player",68,"Action",39.99,10488
"E.Y.E: Divine Cybermancy",80," 2011","Single-player",100,"Action",9.99,26
"Eador. Masters of the Broken World",50," 2013","Single-player",56,"Indie",19.99,57
"EARTH DEFENSE FORCE 4.1 The Shadow of New Despair",90," 2016","Single-player",51,"Action",19.99,278
"Earthtongue",80," 2015","Single-player",35,"Indie",4.99,1
"Edge of Space",40," 2015","Single-player",24,"Action",14.99,1
"EeOneGuy Adventure",50," 2016","Single-player",7,"Action",0.99,1
"Electric Circuit",70," 2015","Single-player",16,"Casual",0.99,2
"ELEX",60," 2017","Single-player",50,"Action",49.99,340
"Empire of the Gods",70," 2008","Single-player",15,"Casual",1.99,1
"Energy Balance",50," 2015","Single-player",9,"Casual",2.99,3
"Enter the Gungeon",80," 2016","Single-player",54,"Action",14.99,1092
"Epic Battle Fantasy 4",90," 2014","Single-player",104,"Adventure",11.99,22
"Epic Battle Fantasy 5",90," 2018","Single-player",102,"Adventure",14.99,153
"Epic Quest of the 4 Crystals",50," 2015","Single-player",25,"Adventure",9.99,10
"Escape This",50," 2016","Single-player",5,"Casual",0.99,14
"Escape Together",50," 2017","Single-player",12,"Adventure",0.99,0
"Euro Truck Simulator 2",90," 2012","Single-player",67,"Indie",19.99,34644
"Europa Universalis IV",80," 2013","Single-player",295,"Simulation",39.99,17240
"Eventide Night",70," 2017","Single-player",9,"Casual",1.99,0
"Evil Glitch",70," 2017","Single-player",27,"Action",2.99,2
"Evoland 2",80," 2015","Single-player",38,"Action",19.99,7
"Expeditions: Viking",80," 2017","Single-player",40,"Indie",29.99,64
"F.E.A.R. 3",60," 2011","Single-player",50,"Action",19.99,50
"F1 2014",60," 2014","Single-player",49,"Racing",29.99,38
"F1 2015",50," 2015","Single-player",45,"Racing",39.99,44
"F1 2016",80," 2016","Single-player",49,"Racing",59.99,32
"F1 2018",60," 2018","Single-player",50,"Racing",59.99,313
"Fable Anniversary",60," 2014","Single-player",50,"RPG",34.99,607
"Face It - A game to fight inner demons",50," 2017","Single-player",16,"Action",4.99,97
"Faeria",80," 2017","Single-player",59,"Adventure",24.99,77
"Faerie Solitaire",80," 2010","Single-player",30,"Casual",9.99,7
"Fairy Fencer F",80," 2015","Single-player",29,"RPG",19.99,4
"Fairyland: Incursion",40," 2016","Single-player",7,"Adventure",35.92,1
"Fake Colours",70," 2015","Single-player",3,"Casual",2.99,0
"Fallen Enchantress: Legendary Heroes",60," 2013","Single-player",54,"Indie",24.99,62
"Fallout 4",60," 2015","Single-player",84,"RPG",29.99,18532
"Fallout 4 VR",60," 2017","Single-player",50,"RPG",59.99,91
"Fallout: New Vegas",90," 2010","Single-player",75,"Action",9.99,4844
"Farm Life: Natures Adventure",50," 2016","Single-player",20,"Adventure",0.99,1
"Farm Manager 2018",50," 2018","Single-player",32,"Indie",19.99,37
"Farm Together",80," 2018","Single-player",56,"Casual",19.99,1868
"Farming Simulator 15",80," 2014","Single-player",16,"Simulation",19.99,281
"Farming Simulator 17",80," 2016","Single-player",17,"Simulation",19.99,873
"Farming Simulator 19",60," 2018","Single-player",23,"Simulation",34.99,6327
"FATE",80," 2005","Single-player",10,"Action",7.99,117
"Fate/EXTELLA",80," 2017","Single-player",53,"Action",39.99,21
"Fate/EXTELLA LINK",80," 2019","Single-player",44,"Action",49.99,54
"Fated Souls",50," 2015","Single-player",17,"Adventure",9.99,4
"Fearless Fantasy",80," 2014","Single-player",24,"Action",6.99,5
"Fell Seal: Arbiter's Mark",80," 2019","Single-player",43,"Indie",29.99,112
"FEMINAZI: The Triggering",80," 2017","Single-player",70,"Action",0.99,31
"Feral Fury",80," 2017","Single-player",30,"Action",6.99,1
"FEZ",80," 2013","Single-player",12,"Indie",9.99,33
"Fighter of Evil",50," 2017","Single-player",6,"Action",1.99,0
"FINAL FANTASY III",80," 2014","Single-player",18,"RPG",15.99,51
"FINAL FANTASY IV",80," 2014","Single-player",58,"RPG",15.99,53
"FINAL FANTASY IX",80," 2016","Single-player",85,"RPG",20.99,214
"FINAL FANTASY V",60," 2015","Single-player",96,"RPG",15.99,113
"FINAL FANTASY VI",60," 2015","Single-player",28,"RPG",15.99,145
"FINAL FANTASY VII",80," 2013","Single-player",36,"RPG",11.99,306
"FINAL FANTASY VIII",80," 2013","Single-player",45,"RPG",11.99,141
"FINAL FANTASY X/X-2 HD Remaster",80," 2016","Single-player",69,"RPG",29.99,417
"FINAL FANTASY XII THE ZODIAC AGE",80," 2018","Single-player",41,"RPG",49.99,233
"Fire Pro Wrestling World",80," 2017","Single-player",32,"Simulation",29.99,99
"Firewatch",80," 2016","Single-player",10,"Adventure",19.99,79
"Fishing: Barents Sea",60," 2018","Single-player",30,"Simulation",24.99,50
"Flat Kingdom Paper's Cut Edition",70," 2016","Single-player",48,"Action",7.99,1
"Flesh Eaters",60," 2016","Single-player",9,"Action",1.99,3
"Flight Control HD",80," 2010","Single-player",16,"Action",4.99,2
"Flix and Chill",80," 2017","Single-player",23,"Casual",0.99,1
"Fly and Destroy",50," 2016","Single-player",25,"Action",4.99,2
"Football Manager 2018",50," 2017","Single-player",77,"Simulation",49.99,1196
"Football Manager 2019",60," 2018","Single-player",77,"Simulation",49.99,1898
"Football Manager 2019 Touch",50," 2018","Single-player",102,"Simulation",29.99,85
"Football Manager Touch 2018",50," 2017","Single-player",103,"Simulation",29.99,37
"For The King",80," 2018","Single-player",72,"Adventure",19.99,1744
"Forager",80," 2019","Single-player",84,"Action",19.99,603
"Foresight",60," 2014","Single-player",104,"Indie",4.99,0
"Fort Defense",50," 2015","Single-player",13,"Adventure",4.99,18
"Fortified",80," 2016","Single-player",23,"Action",14.99,4
"Forts",60," 2017","Single-player",40,"Action",14.99,752
"Frankenstein: Master of Death",80," 2015","Single-player",20,"Adventure",4.99,3
"Frederic: Evil Strikes Back",80," 2014","Single-player",18,"Action",7.99,2
"Frederic: Resurrection of Music",80," 2014","Single-player",18,"Action",2.99,3
"Freebie",60," 2016","Single-player",5,"Casual",0.99,48
"Freedom Cry",50," 2015","Single-player",5,"Adventure",6.99,11
"Friday the 13th: The Game",60," 2017","Online Multi-Player",53,"Action",19.99,706
"Frisky Business",80," 2017","Single-player",20,"Simulation",4.99,0
"Frostpunk",80," 2018","Single-player",75,"Simulation",29.99,2519
"Frozen Synapse",80," 2011","Single-player",16,"Indie",24.99,8
"Galactic Civilizations III",60," 2015","Single-player",98,"Indie",29.99,267
"Game Dev Tycoon",80," 2013","Single-player",35,"Casual",9.99,190
"Games&Girls",60," 2017","Single-player",6,"Adventure",1.99,2
"Gang Beasts",50," 2017","Online Multi-Player",19,"Action",19.99,528
"Garry's Mod",90," 2006","Single-player",29,"Indie",9.99,26873
"GemCraft - Chasing Shadows",90," 2015","Single-player",419,"Action",9.99,168
"Geometry Dash",80," 2014","Single-player",120,"Action",3.99,10146
"Germ Wars",50," 2016","Single-player",55,"Action",0.99,31
"Get CARNAGE!!!",60," 2017","Single-player",9,"Action",3.99,0
"Getting Over It with Bennett Foddy",60," 2017","Single-player",3,"Action",7.99,548
"Ghostlords",70," 2016","Single-player",217,"Adventure",29.97,1
"Gladiator Trainer",60," 2016","Single-player",15,"Action",1.99,4
"Glass Masquerade",90," 2016","Single-player",31,"Casual",4.99,38
"Global Outbreak: Doomsday Edition",50," 2014","Single-player",27,"Action",8.99,0
"Gnomes Garden",80," 2015","Single-player",23,"Casual",59.92,2
"Gnumz: Masters of Defense",50," 2015","Single-player",12,"Casual",259.54,3
"GO AWAY, THERE'S KUMIS OVER THERE!",60," 2016","Single-player",61,"Action",0.99,1
"Goat Simulator",80," 2014","Single-player",127,"Casual",9.99,230
"GOD EATER 2 Rage Burst",80," 2016","Single-player",47,"Action",49.99,30
"GOD EATER 3",60," 2019","Single-player",32,"Action",59.99,234
"Gods Will Be Watching",60," 2014","Single-player",35,"Adventure",9.99,5
"Gold Rush: The Game",50," 2017","Single-player",42,"Indie",19.99,291
"Gone Home",60," 2013","Single-player",10,"Adventure",109.93,13
"Goodbye Deponia",80," 2013","Single-player",50,"Adventure",19.99,23
"Gorogoa",90," 2017","Single-player",11,"Adventure",14.99,56
"Grand Ages: Medieval",50," 2015","Single-player",50,"Simulation",19.99,20
"Grand Pigeon's Duty",60," 2016","Single-player",15,"Action",3.99,2
"Grand Theft Auto V",60," 2015","Single-player",77,"Action",29.99,124996
"Graveyard Keeper",60," 2018","Single-player",62,"Adventure",19.99,968
"Great Hero's Beard",80," 2018","Single-player",27,"Adventure",1.99,14
"Greenwood the Last Ritual",60," 2017","Single-player",11,"Adventure",2.99,0
"Gremlins, Inc.",80," 2016","Single-player",100,"Indie",14.99,249
"GRID 2",80," 2013","Single-player",60,"Racing",49.99,197
"GRID Autosport",60," 2014","Single-player",60,"Racing",29.99,47
"Grim Dawn",80," 2016","Single-player",178,"Action",24.99,4234
"Grim Fandango Remastered",80," 2015","Single-player",47,"Adventure",14.99,50
"Grimind",50," 2014","Single-player",15,"Action",9.99,9
"GRIS",90," 2018","Single-player",17,"Adventure",16.99,208
"Guacamelee! Gold Edition",80," 2013","Single-player",60,"Action",14.99,9
"Guacamelee! Super Turbo Championship Edition",80," 2014","Single-player",30,"Action",14.99,28
"GUILTY GEAR Xrd -SIGN-",80," 2015","Single-player",48,"Action",29.99,13
"GUILTY GEAR XX ACCENT CORE PLUS R",80," 2015","Single-player",30,"Action",14.99,181
"Gunpoint",90," 2013","Single-player",42,"Action",9.99,12
"Guns of Icarus Alliance",60," 2017","Online Multi-Player",849,"Action",9.99,14
"Guns of Icarus Online",80," 2012","Online Multi-Player",849,"Action",4.99,12
"hack_me",50," 2016","Single-player",5,"Indie",3.99,142
"hack_me 2",60," 2017","Single-player",10,"Indie",3.99,111
"Hacknet",80," 2015","Single-player",11,"Indie",9.99,449
"Half-Life 2",90," 2004","Single-player",33,"Action",9.99,1316
"Half-Life 2: Episode One",80," 2006","Single-player",13,"Action",7.99,210
"Half-Life 2: Episode Two",90," 2007","Single-player",22,"Action",7.99,285
"Halo Wars: Definitive Edition",80," 2017","Single-player",75,"Strategy",19.99,166
"Hammerwatch",80," 2013","Single-player",38,"Action",9.99,22
"Hand of Fate",80," 2015","Single-player",53,"Action",19.99,23
"Hand of Fate 2",80," 2017","Single-player",99,"Action",29.99,68
"Hand Simulator",60," 2017","Single-player",69,"Simulation",1.99,116
"Happy Room",80," 2016","Single-player",70,"Action",4.99,19
"Hard Room",50," 2016","Single-player",11,"Action",2.99,1
"Hardnoid",60," 2017","Single-player",1,"Indie",0.99,1
"Hatred",60," 2015","Single-player",74,"Action",5.99,51
"Hearts of Iron IV",80," 2016","Single-player",92,"Simulation",39.99,31036
"Heat Signature",80," 2017","Single-player",70,"Action",14.99,50
"Heaven Forest NIGHTS",60," 2017","Single-player",24,"Action",0.99,1
"Heckabomb",60," 2015","Single-player",46,"Action",5.99,1
"Hektor",50," 2015","Single-player",16,"Action",9.99,1
"Hell Girls",80," 2017","Single-player",92,"Adventure",1.99,7
"HellAngel",50," 2016","Single-player",12,"Action",0.99,1
"Hellblade: Senua's Sacrifice",80," 2017","Single-player",14,"Action",29.99,107
"Hello Neighbor",60," 2017","Single-player",17,"Adventure",29.99,419
"Hentai Memory",80," 2018","Single-player",3000,"Casual",0.99,5
"Hero of the Kingdom",80," 2012","Single-player",38,"Adventure",5.99,8
"Hero Siege",60," 2014","Single-player",57,"Action",6.99,734
"Heroes of Hammerwatch",60," 2018","Single-player",89,"Action",11.99,248
"Hexcells Infinite",90," 2014","Single-player",7,"Casual",4.99,262
"Hob",80," 2017","Single-player",37,"Action",19.99,17
"hocus",80," 2015","Single-player",4,"Casual",11.96,4
"Hollow Knight",90," 2017","Single-player",63,"Action",14.99,8842
"Homefront",50," 2011","Single-player",47,"Action",19.99,28
"Homeworld Remastered Collection",80," 2015","Single-player",34,"Simulation",34.99,223
"Homeworld: Deserts of Kharak",60," 2016","Single-player",48,"Strategy",49.99,87
"HoPiKo",70," 2017","Single-player",53,"Action",6.99,1
"Hotel Anatolia",60," 2017","Single-player",6,"Adventure",0.99,0
"Hotline Miami",90," 2012","Single-player",35,"Action",9.99,193
"Hotline Miami 2: Wrong Number",80," 2015","Single-player",29,"Action",14.99,318
"House Flipper",60," 2018","Single-player",38,"Indie",19.99,2843
"How to Survive",80," 2013","Single-player",43,"Action",14.99,32
"How to Survive 2",60," 2016","Single-player",49,"Action",14.99,52
"Human: Fall Flat",80," 2016","Single-player",55,"Adventure",14.99,5498
"Hungry Flame",60," 2017","Single-player",96,"Action",4.99,1
"HunieCam Studio",80," 2016","Single-player",16,"Indie",6.99,89
"HuniePop",90," 2015","Single-player",20,"Indie",9.99,208
"Hyper Light Drifter",80," 2016","Single-player",23,"Action",19.99,78
"Hyperdimension Neptunia U: Action Unleashed",80," 2016","Single-player",35,"Action",24.99,11
"Hyperdrive Massacre",70," 2015","Single-player",34,"Action",9.99,2
"Hyposphere",40," 2016","Single-player",27,"Casual",2.99,2
"I am Setsuna",60," 2016","Single-player",50,"RPG",39.99,10
"ibb & obb",80," 2014","Online Multi-Player",10,"Action",11.99,44
"ICED",50," 2017","Single-player",16,"Action",9.99,1
"Icewind Dale: Enhanced Edition",80," 2014","Single-player",50,"Adventure",151.89,141
"ICEY",80," 2016","Single-player",34,"Action",10.99,281
"Imperator: Rome",40," 2019","Single-player",50,"Simulation",39.99,529
"Impire",50," 2013","Single-player",48,"Strategy",19.99,3
"In Exilium",50," 2015","Single-player",5,"Action",4.99,0
"Incandescent",60," 2015","Single-player",15,"Action",0.99,11
"Incitement 3",60," 2015","Single-player",29,"Adventure",8.99,3
"Indie Game: The Movie",90," 2012","Single-player",7,"Indie",9.99,3
"Inexistence",50," 2016","Single-player",10,"Action",2.99,1
"Infested Planet",80," 2014","Single-player",36,"Action",14.99,16
"InfiniPicross",60," 2017","Single-player",22,"Casual",1.99,4
"Injustice: Gods Among Us Ultimate Edition",80," 2013","Single-player",50,"Action",19.99,56
"INSIDE",90," 2016","Single-player",14,"Action",19.99,259
"Insurgency",80," 2014","Online Multi-Player",100,"Action",29.98,517
"Insurgency: Sandstorm",60," 2018","Online Multi-Player",37,"Action",29.99,2570
"interLOGIC",60," 2017","Single-player",5,"Casual",1.99,1
"Into the Breach",80," 2018","Single-player",55,"Indie",14.99,381
"Intralism",80," 2016","Single-player",21,"Action",2.99,35
"Invisible, Inc.",80," 2015","Single-player",23,"Action",19.99,38
"Ironcast",60," 2015","Single-player",30,"Indie",14.99,5
"ISLANDERS",80," 2019","Single-player",26,"Casual",4.99,107
"It's Spring Again",80," 2016","Single-player",4,"Casual",0.99,3
"Jagged Alliance - Back in Action",50," 2012","Single-player",60,"RPG",19.99,62
"Jamestown",80," 2011","Single-player",42,"Action",9.99,4
"Jet Gunner",80," 2014","Single-player",37,"Action",0.99,1
"Jet Set Radio",80," 2012","Single-player",30,"Action",7.99,24
"JiPS",50," 2016","Single-player",7,"Casual",2.99,530
"Job the Leprechaun",70," 2015","Single-player",3,"Casual",2.99,0
"Jotun: Valhalla Edition",80," 2015","Single-player",36,"Action",14.99,13
"Judgment: Apocalypse Survival Simulation",80," 2018","Single-player",57,"Indie",19.99,32
"Juicy Realm",60," 2018","Single-player",20,"Action",9.99,33
"JUMP FORCE",50," 2019","Single-player",50,"Action",59.99,109
"Jump King",80," 2019","Single-player",33,"Action",12.99,147
"Jurassic World Evolution",60," 2018","Single-player",67,"Simulation",44.99,432
"Just Cause 2",80," 2010","Single-player",50,"Action",14.99,172
"Just Cause 4",40," 2018","Single-player",61,"Action",59.99,429
"Just Shapes & Beats",90," 2018","Single-player",26,"Action",19.99,97
"Kabounce",80," 2018","Single-player",50,"Action",14.99,2
"Kao the Kangaroo: Round 2",80," 2019","Single-player",9,"Action",1.99,26
"Katana ZERO",90," 2019","Single-player",22,"Action",14.99,244
"Kathy Rain",80," 2016","Single-player",20,"Adventure",14.99,5
"Katy and Bob Way Back Home",70," 2017","Single-player",28,"Casual",172.67,10
"Katy and Bob: Safari Cafe",70," 2017","Single-player",12,"Casual",172.67,16
"Keep Talking and Nobody Explodes",90," 2015","Local Multi-Player",10,"Indie",76.95,142
"Kidnapped",50," 2015","Single-player",7,"Action",2.99,1
"Killing Floor",90," 2009","Single-player",285,"Action",19.99,303
"Killing Floor 2",80," 2016","Single-player",262,"Action",29.99,2529
"King's Bounty: Dark Side",50," 2014","Single-player",37,"RPG",12.99,135
"King's Bounty: Warriors of the North",60," 2012","Single-player",64,"RPG",9.99,136
"King's Guard TD",50," 2016","Single-player",10,"Casual",2.99,2
"King Lucas",50," 2016","Single-player",20,"Action",4.99,2
"King of Dragon Pass",60," 2015","Single-player",43,"RPG",11.99,9
"Kingdom Come: Deliverance",60," 2018","Single-player",82,"Action",29.99,3252
"Kingdom Rush",90," 2014","Single-player",72,"Action",9.99,277
"Kingdom Rush Frontiers",90," 2016","Single-player",84,"Indie",9.99,301
"Kingdom Rush Origins",80," 2018","Single-player",83,"Indie",14.99,299
"Kingdom Two Crowns",50," 2018","Single-player",28,"Adventure",19.99,770
"Kingdom Wars",50," 2013","Single-player",35,"Free to Play",19.98,9
"Kingdom: Classic",80," 2015","Single-player",34,"Indie",4.99,87
"Kingdom: New Lands",80," 2016","Single-player",34,"Indie",14.99,99
"Kingdoms and Castles",80," 2017","Single-player",12,"Indie",9.99,431
"Kings under the hill",50," 2017","Single-player",7,"Indie",1.99,449
"L.A. Noire",80," 2011","Single-player",60,"Adventure",19.99,203
"La-Mulana 2",80," 2018","Single-player",46,"Action",67.96,19
"Labyronia RPG",60," 2015","Single-player",6,"Action",1.99,42
"Labyronia RPG 2",60," 2015","Single-player",6,"Action",1.99,36
"Langoth",50," 2017","Single-player",22,"Action",2.99,1
"Last Tale",80," 2017","Single-player",6,"Action",0.99,0
"Layers of Fear",80," 2016","Single-player",27,"Adventure",19.99,52
"Leave Me Alone: A Trip To Hell",50," 2016","Single-player",27,"Action",1.99,0
"Left 4 Dead",80," 2008","Single-player",73,"Action",9.99,815
"Left 4 Dead 2",90," 2009","Single-player",70,"Action",9.99,40462
"Legend of Dungeon",60," 2013","Single-player",16,"Action",9.99,6
"Legend of Grimrock",80," 2012","Single-player",40,"Adventure",14.99,42
"Legend of Grimrock 2",80," 2014","Single-player",60,"Adventure",23.99,76
"Legend of Himari",70," 2018","Single-player",18,"Casual",0.99,3
"Lethal League",90," 2014","Single-player",23,"Action",13.99,12
"Lethal League Blaze",90," 2018","Single-player",15,"Action",19.99,71
"Letter Quest: Grimm's Journey Remastered",80," 2015","Single-player",60,"Casual",7.99,7
"Life is Feudal: Forest Village",50," 2017","Single-player",29,"Indie",24.99,154
"Life is Feudal: Your Own",50," 2015","Online Multi-Player",150,"Action",19.99,572
"Life is Strange 2",80," 2018","Single-player",46,"Adventure",7.99,183
"Life is Strange: Before the Storm",80," 2017","Single-player",34,"Action",16.99,55
"LIMBO",80," 2011","Single-player",13,"Adventure",9.99,80
"Linea, the Game",80," 2016","Single-player",21,"Action",1.99,1
"Linked",70," 2017","Single-player",12,"Casual",2.99,4
"LISA",90," 2014","Single-player",68,"Adventure",9.99,39
"Little Nightmares",80," 2017","Single-player",22,"Adventure",19.99,681
"Long Live The Queen",90," 2013","Single-player",45,"Indie",116.91,14
"Loot Hero DX",50," 2015","Single-player",20,"Action",2.99,2
"Lost Castle",80," 2016","Single-player",81,"Action",9.99,1014
"Lost Crew",70," 2016","Single-player",2,"Action",1.99,0
"LOVE",80," 2014","Single-player",19,"Action",2.99,2
"Lovely Planet",80," 2014","Single-player",14,"Action",5.99,4
"Lucius",60," 2012","Single-player",58,"Action",24.99,33
"Luke Sidewalker",50," 2016","Single-player",13,"Action",0.99,0
"Lunar Flight",80," 2012","Single-player",51,"Indie",14.99,5
"MachiaVillain",50," 2018","Single-player",9,"Indie",19.99,10
"Machinarium",90," 2009","Single-player",12,"Adventure",9.99,52
"Mad Digger",50," 2017","Single-player",1,"Casual",86.56,7
"Mad Driver",50," 2017","Single-player",6,"Casual",0.99,0
"Mad Games Tycoon",80," 2016","Single-player",39,"Casual",14.99,21
"Mad Hunter",50," 2016","Single-player",12,"Action",3.99,1
"Mad Max",80," 2015","Single-player",49,"Action",19.99,773
"Magazine Editor",40," 2017","Single-player",10,"Action",0.99,0
"Magic Technology",50," 2018","Single-player",28,"Indie",2.99,1
"Magic: The Gathering - Duels of the Planeswalkers 2013",80," 2012","Single-player",25,"Strategy",9.99,20
"Magicians & Looters",80," 2014","Single-player",29,"Action",2.99,1
"Magicka",80," 2011","Single-player",88,"Action",9.99,101
"Magicka 2",60," 2015","Single-player",47,"Action",105.72,100
"Mahjong Magic Journey",60," 2018","Single-player",12,"Casual",64.87,9
"Make it indie!",50," 2015","Single-player",9,"Adventure",0.99,3
"Mars: War Logs",60," 2013","Single-player",14,"Action",14.99,8
"Marvel vs. Capcom: Infinite",50," 2017","Single-player",47,"Action",39.99,22
"Masky",80," 2016","Single-player",16,"Action",0.99,2
"Master of Orion",50," 2016","Single-player",102,"Strategy",29.99,405
"Max Payne 3",80," 2012","Single-player",67,"Action",19.99,192
"Meadow",80," 2016","Online Multi-Player",85,"Adventure",4.99,13
"Mechanic Escape",80," 2014","Single-player",33,"Action",4.99,0
"Medieval Defenders",40," 2016","Single-player",12,"Casual",4.99,15
"Megadimension Neptunia VII",90," 2016","Single-player",35,"RPG",29.99,15
"Men of War: Assault Squad",80," 2011","Single-player",110,"Strategy",9.99,78
"Men of War: Assault Squad 2",80," 2014","Single-player",490,"Action",84.97,2013
"Merchants of Kaidan",50," 2014","Single-player",22,"Adventure",14.99,2
"Merlin adventurer store",80," 2016","Single-player",23,"Casual",2.99,0
"METAL GEAR RISING: REVENGEANCE",80," 2014","Single-player",60,"Action",29.99,638
"METAL GEAR SOLID V: GROUND ZEROES",80," 2014","Single-player",16,"Action",19.99,86
"METAL GEAR SOLID V: THE PHANTOM PAIN",80," 2015","Single-player",42,"Action",19.99,1825
"METAL GEAR SURVIVE",50," 2018","Single-player",51,"Action",29.99,44
"METAL SLUG 3",80," 2014","Single-player",30,"Action",7.99,37
"Metamorfose S",60," 2017","Single-player",139,"Action",5.99,7
"Metro 2033 Redux",60," 2014","Single-player",49,"Action",19.99,481
"Metro Exodus",80," 2019","Single-player",52,"Action",24.99,1386
"Metro: Last Light Redux",80," 2014","Single-player",49,"Action",19.99,478
"Midsummer Night",80," 2016","Single-player",33,"Adventure",3.99,0
"MiDZone",50," 2016","Single-player",25,"Action",2.99,0
"Might & Magic: Clash of Heroes",80," 2011","Single-player",14,"RPG",9.99,50
"Mighty No. 9",50," 2016","Single-player",70,"Action",19.99,8
"Millie",80," 2014","Single-player",14,"Action",3.99,4
"Mini Metro",90," 2015","Single-player",45,"Indie",9.99,224
"Minimalism",50," 2017","Single-player",165,"Action",0.99,1661
"Mirror",90," 2018","Single-player",114,"Adventure",1.99,582
"Miscreated",50," 2018","Online Multi-Player",29,"Action",24.99,141
"Mistwood Heroes",50," 2016","Single-player",22,"Action",0.99,16
"Mobile Empire",50," 2018","Single-player",30,"Casual",9.99,11
"Monday Night Combat",60," 2011","Single-player",51,"Action",4.99,3
"Monstro: Battle Tactics",70," 2014","Single-player",23,"Casual",5.99,0
"Montaro",90," 2016","Single-player",15,"Casual",0.99,15
"Moon Colonization Project",40," 2018","Single-player",3,"Adventure",1.99,1
"Moonbase 332",40," 2015","Single-player",8,"Action",4.99,2
"Moonlighter",60," 2018","Single-player",57,"Action",19.99,168
"MORDHAU",60," 2019","Online Multi-Player",38,"Action",29.99,1954
"Mordheim: City of the Damned",60," 2015","Single-player",109,"RPG",39.99,200
"Mortal Kombat X",60," 2015","Single-player",73,"Action",19.99,344
"Mortifero Motus",50," 2017","Single-player",11,"Indie",0.99,0
"Mortificatio",50," 2017","Single-player",10,"Adventure",0.99,0
"Mortos",50," 2016","Single-player",11,"Action",0.99,0
"Mother Russia Bleeds",80," 2016","Single-player",33,"Action",14.99,14
"Motorsport Manager",80," 2016","Single-player",73,"Racing",34.99,588
"Mount & Blade: Warband",90," 2010","Single-player",80,"Action",19.99,5342
"Mount Your Friends",80," 2014","Single-player",8,"Indie",4.99,16
"Mountain",80," 2014","Single-player",31,"Casual",0.99,111
"Mouse in Lab",50," 2017","Single-player",7,"Indie",0.99,1
"Move or Die",80," 2016","Single-player",66,"Action",14.99,104
"MudRunner",80," 2017","Single-player",62,"Simulation",24.99,499
"Multishop Tycoon Deluxe",60," 2017","Single-player",20,"Indie",6.99,0
"Murder Miners",80," 2014","Single-player",18,"Action",0.99,16
"Murderous Pursuits",50," 2018","Single-player",145,"Action",9.99,3
"Music Racer",80," 2018","Single-player",36,"Action",1.99,7
"Mutant Year Zero: Road to Eden",80," 2018","Single-player",36,"RPG",34.99,73
"MY HERO ONE'S JUSTICE",80," 2018","Single-player",57,"Action",59.99,8
"My Name is You",60," 2017","Single-player",14,"Indie",3.99,1
"My Super Tower 2",50," 2017","Single-player",6,"Adventure",0.99,0
"My Time At Portia",80," 2019","Single-player",91,"Adventure",29.99,1232
"Mystic Saga",50," 2016","Single-player",53,"Adventure",172.67,5
"Nanobots",50," 2016","Single-player",8,"Action",3.99,0
"Nantucket",60," 2018","Single-player",25,"Adventure",17.99,7
"NARUTO SHIPPUDEN: Ultimate Ninja STORM 4",80," 2016","Single-player",53,"Action",29.99,2105
"NARUTO SHIPPUDEN: Ultimate Ninja STORM Revolution",80," 2014","Single-player",50,"Action",29.99,36
"NARUTO TO BORUTO: SHINOBI STRIKER",50," 2018","Single-player",48,"Action",49.99,839
"NARUTO: Ultimate Ninja STORM",50," 2017","Single-player",50,"Action",19.99,98
"Nation Red",80," 2010","Single-player",145,"Action",1.99,9
"Natural Selection 2",80," 2012","Online Multi-Player",67,"Action",9.99,144
"Navalny 20!8 : The Rise of Evil",80," 2018","Single-player",37,"Action",3.99,0
"NBA 2K17",50," 2016","Single-player",49,"Sports",59.99,164
"NBA 2K18",40," 2017","Single-player",50,"Simulation",59.99,209
"NBA 2K19",40," 2018","Single-player",50,"Simulation",59.99,510
"NEKOPARA Vol. 1",90," 2014","Single-player",14,"Casual",9.99,86
"NEKOPARA Vol. 2",90," 2016","Single-player",20,"Casual",9.99,29
"NEKOPARA Vol. 3",90," 2017","Single-player",27,"Casual",9.99,44
"Neon Arena",50," 2017","Single-player",11,"Action",3.99,1
"Neon Prism",60," 2016","Single-player",16,"Action",4.99,1
"Neon Space",60," 2016","Single-player",14,"Action",4.99,1
"Neon Space 2",60," 2016","Single-player",17,"Action",4.99,4
"Next Day: Survival",50," 2018","Single-player",39,"Action",9.99,17
"Nexuiz",50," 2012","Single-player",12,"Action",9.99,0
"Niche - a genetics survival game",80," 2016","Single-player",31,"Indie",17.99,67
"Nidhogg",80," 2014","Single-player",12,"Action",9.99,20
"Night in the Woods",80," 2017","Single-player",31,"Adventure",19.99,97
"Nihilist Simulator",70," 2017","Single-player",50,"Adventure",0.99,34
"Nihilumbra",80," 2013","Single-player",24,"Adventure",7.99,4
"Nine Parchments",60," 2017","Single-player",54,"Action",19.99,274
"Ninja Stealth",50," 2016","Single-player",5000,"Casual",11.92,18
"No Man's Sky",50," 2016","Single-player",27,"Action",59.99,9528
"Northgard",80," 2018","Single-player",134,"Indie",29.99,3612
"Nuclear Contingency",50," 2017","Single-player",4,"Action",0.99,1
"Nuclear Throne",90," 2015","Single-player",44,"Action",11.99,151
"Numberline",70," 2017","Single-player",13,"Casual",3.99,0
"Nyasha",60," 2019","Single-player",32,"Casual",9.9,26
"Nyctophobia",50," 2015","Single-player",11,"Adventure",1.99,2
"Obduction",60," 2016","Single-player",15,"Adventure",29.99,15
"Octodad: Dadliest Catch",80," 2014","Single-player",32,"Action",14.99,28
"Office Battle",60," 2015","Single-player",15,"Action",0.99,12
"Offspring Fling!",80," 2012","Single-player",10,"Adventure",7.99,1
"Oik 3",80," 2017","Single-player",604,"Casual",13.86,9
"Omerta - City of Gangsters",50," 2013","Single-player",60,"Simulation",14.99,26
"Once in Yaissor",80," 2016","Single-player",5,"Adventure",0.99,16
"One Finger Death Punch",90," 2014","Single-player",152,"Action",4.99,20
"One Finger Death Punch 2",90," 2019","Single-player",63,"Action",7.99,24
"ONE PIECE World Seeker",50," 2019","Single-player",49,"Action",59.99,131
"OneScreen Wagons",70," 2016","Single-player",4,"Indie",0.99,0
"OneShot",90," 2016","Single-player",11,"Adventure",9.99,89
"Only One Hope",40," 2017","Single-player",8,"Action",0.99,0
"Orbox C",70," 2016","Single-player",36,"Indie",2.99,0
"Orcs Must Die!",90," 2011","Single-player",27,"Action",9.99,32
"Orcs Must Die! 2",80," 2012","Single-player",27,"Action",14.99,111
"Organ Trail: Director's Cut",80," 2013","Single-player",28,"Indie",4.99,16
"Ori and the Blind Forest: Definitive Edition",90," 2016","Single-player",57,"Action",19.99,430
"Oriental Empires",60," 2017","Single-player",51,"Indie",29.99,54
"ORION: Prelude",60," 2013","Single-player",251,"Action",0.99,12
"Ostalgie: The Berlin Wall",80," 2018","Single-player",55,"Indie",5.99,20
"Otaku's Adventure",80," 2019","Single-player",26,"Adventure",6.99,117
"Out of the Park Baseball 18",80," 2017","Single-player",78,"Indie",19.99,10
"Out of the Park Baseball 19",80," 2018","Single-player",78,"Indie",19.99,30
"Out of the Park Baseball 20",80," 2019","Single-player",144,"Indie",39.99,58
"OutDrive",60," 2016","Single-player",48,"Casual",2.99,5
"Outlast",90," 2013","Single-player",14,"Action",19.99,438
"Outlast 2",80," 2017","Single-player",24,"Action",29.99,387
"Outrunner",80," 2017","Single-player",100,"Action",0.99,0
"Outward",60," 2019","Single-player",44,"RPG",39.99,711
"Overcooked",80," 2016","Single-player",12,"Action",41.98,147
"Overcooked! 2",80," 2018","Single-player",47,"Action",24.99,5478
"Overture",60," 2015","Single-player",4,"Action",4.99,8
"Owlboy",80," 2016","Single-player",12,"Action",24.99,17
"Pacify",80," 2019","Single-player",16,"Action",4.99,247
"Painkiller Hell & Damnation",60," 2012","Single-player",107,"Action",19.99,31
"Panzer Corps",80," 2011","Single-player",80,"Strategy",19.99,428
"Papers, Please",90," 2013","Single-player",13,"Adventure",9.99,503
"Parkitect",80," 2018","Single-player",32,"Indie",29.99,188
"Pathfinder: Kingmaker",60," 2018","Single-player",74,"RPG",39.99,1789
"Pathologic 2",80," 2019","Single-player",50,"Adventure",34.99,97
"Pathway",50," 2019","Single-player",74,"Adventure",15.99,20
"PAYDAY 2",80," 2013","Single-player",1130,"Action",9.99,44312
"PC Building Simulator",80," 2019","Single-player",53,"Indie",19.99,454
"PERFECT ANGLE: The puzzle game based on optical illusions",50," 2015","Single-player",37,"Adventure",9.99,1
"Perfect Fit - Totemland",70," 2016","Single-player",11,"Casual",3.99,1
"Permute",50," 2017","Single-player",10,"Casual",1.99,1
"Phantom Doctrine",60," 2018","Single-player",47,"Action",39.99,98
"Phantom Soldier",40," 2017","Single-player",500,"Action",624.74,0
"PhysDrive",40," 2015","Single-player",6,"Action",0.99,1
"Pictopix",80," 2017","Single-player",34,"Casual",6.99,92
"PIGMENTUM",50," 2017","Single-player",11,"Casual",0.99,0
"Pikuniku",80," 2019","Single-player",14,"Action",12.99,51
"Pilam Sky",70," 2018","Single-player",10,"Action",3.99,0
"Pillars of Eternity",80," 2015","Single-player",48,"RPG",59.98,595
"Pillars of Eternity II: Deadfire",80," 2018","Single-player",55,"RPG",49.99,653
"Pinball FX3",60," 2017","Single-player",101,"Simulation",269.69,245
"PippiStory",60," 2017","Single-player",12,"Action",0.99,1
"PixARK",50," 2019","Single-player",35,"Action",39.99,214
"Pixel Piracy",50," 2015","Single-player",30,"Adventure",9.99,11
"Pixel Puzzles 2: Anime",80," 2015","Single-player",27,"Action",9.99,17
"Pixel Puzzles 2: RADical ROACH",60," 2016","Single-player",26,"Action",85.9,3
"Pixel Puzzles Ultimate",60," 2016","Single-player",1563,"Casual",28.9,87
"Pixel Puzzles: Japan",60," 2014","Single-player",26,"Casual",85.9,6
"Pixel Survivors",50," 2016","Single-player",34,"Casual",3.99,1
"Pizza Connection 3",40," 2018","Single-player",29,"Simulation",24.99,45
"Plague Inc: Evolved",80," 2016","Single-player",199,"Casual",14.99,579
"Plain Sight",50," 2010","Online Multi-Player",24,"Action",4.99,0
"Planes, Bullets and Vodka",80," 2016","Single-player",9,"Action",14.85,174
"Planet Coaster",80," 2016","Single-player",32,"Simulation",44.99,1572
"Planet Explorers",50," 2016","Single-player",16,"Action",9.99,22
"Planet R-12",80," 2016","Single-player",26,"Action",0.99,11
"Planetary Annihilation: TITANS",60," 2015","Single-player",19,"Strategy",39.99,251
"Planetbase",60," 2015","Single-player",30,"Indie",14.99,229
"Plantera",80," 2016","Single-player",29,"Casual",2.99,19
"Pogostuck: Rage With Your Friends",60," 2019","Single-player",16,"Action",6.99,138
"Poly Bridge",80," 2016","Single-player",22,"Indie",9.99,262
"Polygoneer",60," 2017","Single-player",40,"Action",0.99,2
"Pongo",60," 2015","Single-player",8,"Action",0.99,12
"Portal",90," 2007","Single-player",15,"Action",9.99,872
"Portal 2",90," 2011","Single-player",51,"Action",9.99,3463
"Portal Knights",80," 2017","Single-player",40,"Action",19.99,217
"Portal of Evil: Stolen Runes Collector's Edition",80," 2015","Single-player",20,"Adventure",59.92,18
"POSTAL 2",90," 2003","Single-player",89,"Action",9.99,425
"Potatoman Seeks the Troof",80," 2014","Single-player",2,"Indie",3.99,2
"Prey",80," 2017","Single-player",58,"Action",29.99,458
"Primal Carnage",60," 2012","Online Multi-Player",69,"Action",7.99,6
"Primal Carnage: Extinction",60," 2015","Single-player",43,"Action",12.99,178
"Princess.Loot.Pixel.Again",60," 2016","Single-player",24,"Action",3.99,3
"Princess.Loot.Pixel.Again x2",80," 2018","Single-player",31,"Action",4.99,1
"Prison Architect",80," 2015","Single-player",18,"Indie",29.99,1374
"Pro Cycling Manager 2014",50," 2014","Single-player",47,"Simulation",9.99,6
"Pro Cycling Manager 2015",50," 2015","Single-player",47,"Simulation",14.99,13
"Pro Cycling Manager 2016",50," 2016","Single-player",47,"Simulation",19.99,22
"Pro Cycling Manager 2017",50," 2017","Single-player",64,"Simulation",29.99,38
"Pro Cycling Manager 2018",50," 2018","Single-player",64,"Simulation",39.99,48
"Project CARS",60," 2015","Single-player",45,"Racing",29.99,123
"Project CARS 2",60," 2017","Single-player",47,"Racing",59.99,445
"Project Highrise",80," 2016","Single-player",88,"Simulation",19.99,89
"Project Hospital",60," 2018","Single-player",53,"Indie",24.99,392
"Project Winter",60," 2019","Online Multi-Player",59,"Action",19.99,326
"Project:surviving",50," 2017","Single-player",1,"Adventure",0.99,1
"Protoshift",70," 2016","Single-player",10,"Action",0.99,0
"Psebay",70," 2017","Single-player",8,"Adventure",9.99,1
"Psychonauts",90," 2005","Single-player",37,"Action",9.99,109
"Pummel Party",80," 2018","Single-player",31,"Action",14.99,4529
"Punch Club",80," 2016","Single-player",47,"Indie",9.99,65
"Pure Farming 2018",50," 2018","Single-player",50,"Simulation",19.99,32
"Putrefaction",50," 2015","Single-player",10,"Action",0.99,2
"Putrefaction 2: Void Walker",60," 2017","Single-player",137,"Action",4.99,1
"Puzzle Ball",40," 2015","Single-player",36,"Casual",2.99,0
"Pyre",80," 2017","Single-player",51,"Action",19.99,31
"qop 2",80," 2017","Single-player",482,"Casual",0.99,2
"Quantum Break",80," 2016","Single-player",42,"Action",39.99,65
"Quantum Conundrum",80," 2012","Single-player",25,"Casual",8.99,10
"QUBIC",50," 2016","Single-player",141,"Casual",0.99,2
"Quest Hunter",80," 2019","Single-player",70,"Action",19.98,230
"Quick Slick Deadly",50," 2015","Single-player",120,"Action",1.99,0
"Quiplash",80," 2015","Local Multi-Player",10,"Casual",9.99,59
"Rabi-Ribi",90," 2016","Single-player",212,"Action",17.99,95
"Race The Sun",80," 2013","Single-player",25,"Action",9.99,13
"RAGE",60," 2011","Single-player",60,"Action",9.99,84
"RAGE 2",50," 2019","Single-player",43,"Action",59.99,132
"Rage Pig",50," 2016","Single-player",10,"Action",3.99,0
"RAID: World War II",50," 2017","Single-player",82,"Action",19.99,10
"Railway Empire",60," 2018","Single-player",103,"Simulation",49.99,568
"Rain World",80," 2017","Single-player",21,"Action",19.99,153
"Raise Your Own Clone",40," 2015","Single-player",25,"Adventure",0.99,19
"Rampage Knights",80," 2015","Single-player",84,"Action",11.99,22
"Razortron 2000",80," 2016","Single-player",9,"Casual",14.85,181
"Really Big Sky",60," 2012","Single-player",20,"Action",4.99,2
"Reassembly",80," 2015","Single-player",24,"Action",14.99,46
"Rebel Galaxy",80," 2015","Single-player",37,"Action",19.99,58
"Rebuild 3: Gangs of Deadsville",80," 2015","Single-player",42,"Indie",14.99,46
"Red Death",60," 2017","Single-player",15,"Action",0.99,1
"Redemption: Saints And Sinners",50," 2016","Single-player",7,"Action",0.99,2
"Reflex",60," 2017","Single-player",1505,"Action",0.99,15
"Regions Of Ruin",80," 2018","Single-player",20,"Action",11.99,19
"ReignMaker",60," 2014","Single-player",123,"Adventure",14.99,4
"Reigns",80," 2016","Single-player",13,"Adventure",2.99,50
"Remember Me",80," 2013","Single-player",50,"Action",29.99,22
"Rescue HQ - The Tycoon",60," 2019","Single-player",21,"Casual",29.99,14
"Reset 1-1",50," 2016","Single-player",12,"Indie",1.99,24
"Return of the Obra Dinn",90," 2018","Single-player",16,"Adventure",19.99,128
"Reus",60," 2013","Single-player",123,"Indie",9.99,18
"Revenge of the Titans",80," 2011","Single-player",77,"Action",14.99,3
"Reventure",80," 2019","Single-player",100,"Adventure",9.98,36
"rFactor 2",60," 2013","Single-player",25,"Racing",31.99,950
"RIDE 3",50," 2018","Single-player",86,"Racing",49.99,69
"Ridge",50," 2016","Single-player",26,"Adventure",7.99,0
"Rise of Industry",80," 2019","Single-player",24,"Indie",29.99,75
"Rise of Nations: Extended Edition",80," 2014","Single-player",38,"Simulation",19.99,776
"Rise of the Triad",50," 2013","Single-player",80,"Action",14.99,7
"Risen 3 - Titan Lords",50," 2014","Single-player",50,"RPG",14.99,106
"Rising Storm 2: Vietnam",80," 2017","Online Multi-Player",132,"Action",24.99,871
"Risk of Rain",80," 2013","Single-player",15,"Action",9.99,71
"Rivais Em Batalha",50," 2017","Local Multi-Player",20,"Action",0.99,26
"Rivals of Aether",80," 2017","Single-player",25,"Indie",14.99,505
"River City Ransom: Underground",60," 2017","Single-player",48,"Action",19.99,11
"Robot Legions Reborn",60," 2016","Single-player",42,"Action",2.99,1
"Rock 'N' Roll Defense",80," 2016","Single-player",240,"Action",14.85,241
"Rock of Ages",80," 2011","Single-player",19,"Action",9.99,8
"Rogue Legacy",80," 2013","Single-player",29,"Action",14.99,91
"Royal Defense",50," 2014","Single-player",14,"Casual",259.54,21
"Royal Heroes",60," 2016","Single-player",25,"Casual",4.99,3
"RUNNING WITH RIFLES",80," 2015","Single-player",45,"Action",14.99,499
"RUSH",80," 2010","Single-player",25,"Casual",4.99,2
"RUSH",80," 2018","Single-player",16,"Action",19.99,2
"Russian Horror Story",50," 2015","Single-player",12,"Adventure",3.99,1
"Russian Roads",50," 2018","Single-player",8,"Indie",5.99,11
"Russian SuperHero Dead Ivan",50," 2016","Single-player",17,"Casual",0.99,2
"Rust",80," 2018","Online Multi-Player",48,"Action",34.99,100203
"Rusty Lake Paradise",80," 2018","Single-player",50,"Adventure",3.99,129
"Rusty Lake: Roots",90," 2016","Single-player",16,"Adventure",2.99,149
"RWBY: Grimm Eclipse",80," 2016","Single-player",37,"Action",19.99,13
"RYAN BLACK",40," 2017","Single-player",15,"Action",2.99,0
"Ryse: Son of Rome",80," 2014","Single-player",73,"Action",14.99,123
"Sacred 3",40," 2014","Single-player",45,"Action",14.99,5
"Saints Row IV",80," 2013","Single-player",73,"Action",14.99,406
"Saints Row: Gat out of Hell",60," 2015","Single-player",45,"Action",14.99,29
"Saints Row: The Third",90," 2011","Single-player",83,"Action",9.99,316
"Sally Face",90," 2016","Single-player",28,"Adventure",2.99,118
"Salt and Sanctuary",80," 2016","Single-player",37,"Action",17.99,200
"SAMOLIOTIK",80," 2016","Single-player",14,"Action",0.99,49
"Samudai",50," 2015","Online Multi-Player",23,"Action",2.99,0
"Sanctum",80," 2011","Single-player",100,"Action",9.99,16
"Sanctum 2",80," 2013","Single-player",50,"Action",14.99,43
"Satellite Reign",60," 2015","Single-player",40,"Action",29.99,23
"Save the Ninja Clan",70," 2017","Single-player",30,"Action",0.99,1
"Scarab Tales",70," 2015","Single-player",38,"Casual",4.99,0
"Scribblenauts Unlimited",80," 2012","Single-player",25,"Adventure",19.99,54
"Scythe: Digital Edition",60," 2018","Single-player",54,"Strategy",19.99,114
"Secret in Story",50," 2017","Single-player",32,"Adventure",0.99,4
"Secret of Mana",50," 2018","Single-player",37,"Action",39.99,19
"Secret Ponchos",60," 2015","Online Multi-Player",111,"Action",14.99,1
"See No Evil",50," 2014","Single-player",27,"Adventure",0.99,1
"SENRAN KAGURA ESTIVAL VERSUS",90," 2017","Single-player",50,"Action",29.99,38
"SENRAN KAGURA Peach Beach Splash",60," 2018","Single-player",50,"Action",29.99,21
"SENRAN KAGURA SHINOVI VERSUS",80," 2016","Single-player",49,"Action",19.99,14
"Serious Sam HD: The First Encounter",80," 2009","Single-player",35,"Action",14.99,52
"Shadow Tactics: Blades of the Shogun",90," 2016","Single-player",44,"Indie",39.99,373
"Shadow Warrior",80," 2013","Single-player",92,"Action",39.99,45
"Shadow Warrior 2",80," 2016","Single-player",64,"Action",39.99,206
"Shadowrun: Dragonfall - Director's Cut",80," 2014","Single-player",39,"Adventure",14.99,61
"Shadowrun: Hong Kong - Extended Edition",80," 2015","Single-player",60,"Adventure",19.99,60
"Shake Your Money Simulator 2016",50," 2016","Single-player",10,"Indie",0.99,0
"Shatter",80," 2010","Single-player",30,"Action",9.99,4
"Sheltered",60," 2016","Single-player",18,"Indie",14.99,50
"Shenmue I & II",80," 2018","Single-player",55,"Action",29.99,29
"SHENZHEN I/O",90," 2016","Single-player",6,"Indie",14.99,57
"Sherlock Holmes: The Devil's Daughter",60," 2016","Single-player",25,"Action",49.99,67
"Shift Happens",80," 2017","Single-player",31,"Action",14.99,151
"ShipLord",50," 2015","Single-player",9,"Action",10.99,3
"Shovel Knight: Treasure Trove",90," 2014","Single-player",85,"Action",24.99,128
"Showing Tonight: Mindhunters Incident",50," 2015","Single-player",13,"Adventure",4.99,1
"Shutter",60," 2015","Single-player",4,"Adventure",1.99,1
"Sid Meier's Starships",50," 2015","Single-player",31,"Strategy",14.99,42
"Simple Ball: Extended Edition",50," 2016","Single-player",45,"Casual",1.99,13
"SimplePlanes",80," 2015","Single-player",72,"Indie",12.99,174
"SINISTRY SILINIUM",50," 2018","Single-player",9,"Action",3.99,0
"Sins Of The Demon RPG",80," 2016","Single-player",9,"Action",1.99,35
"Skyborn",80," 2014","Single-player",24,"Casual",14.99,4
"SKYHILL",50," 2015","Single-player",46,"Adventure",109.96,111
"SkyTime",50," 2016","Single-player",24,"Action",0.99,2
"Slash It 2",80," 2017","Single-player",303,"Action",4.99,3
"Slash It Ultimate",60," 2017","Single-player",526,"Action",4.99,3
"Slay the Spire",90," 2019","Single-player",43,"Indie",24.99,15011
"Sleeping Dogs: Definitive Edition",80," 2014","Single-player",59,"Action",19.99,661
"Slime Rancher",90," 2017","Single-player",57,"Action",19.99,997
"Snake Pass",80," 2017","Single-player",33,"Adventure",19.99,11
"Sniper Elite 3",60," 2014","Single-player",77,"Action",29.99,434
"Sniper Elite 4",80," 2017","Single-player",85,"Action",59.99,4453
"Sniper Elite V2 Remastered",50," 2019","Single-player",71,"Action",9.99,113
"Sniper Elite: Nazi Zombie Army",80," 2013","Single-player",26,"Action",14.99,22
"Sniper Ghost Warrior 3",50," 2017","Single-player",48,"Action",29.99,351
"Sniper: Ghost Warrior",50," 2010","Single-player",24,"Action",7.99,58
"Snowman",50," 2017","Single-player",9,"Action",0.99,1
"Soccertron",50," 2015","Single-player",30,"Action",1.99,736
"Sol Survivor",80," 2010","Single-player",26,"Indie",9.99,7
"Solar 2",80," 2011","Single-player",25,"Indie",9.99,12
"Solarix",50," 2015","Single-player",20,"Action",19.99,1
"Solitaire Christmas. Match 2 Cards",50," 2015","Single-player",21,"Casual",64.87,23
"SOMA",90," 2015","Single-player",10,"Action",29.99,146
"Sonic Forces",50," 2017","Single-player",48,"Action",39.99,34
"Sonic Mania",80," 2017","Single-player",18,"Action",19.99,131
"Sophie's Curse",80," 2016","Single-player",10,"Casual",4.99,2
"Soul Gambler",80," 2013","Single-player",24,"Adventure",4.99,90
"SOULCALIBUR VI",60," 2018","Single-player",49,"Action",59.99,293
"Space Beret",40," 2016","Single-player",3,"Action",0.99,3
"Space Engineers",80," 2019","Single-player",27,"Action",19.99,6957
"Space Farmers",60," 2014","Online Multi-Player",23,"Action",9.99,1
"Space Fuss",70," 2017","Single-player",21,"Action",4.99,0
"Space Hulk",50," 2013","Single-player",28,"Indie",24.99,4
"Space Hulk: Deathwing",50," 2016","Single-player",23,"Action",39.99,16
"Space Incident",50," 2016","Single-player",12,"Action",3.99,1
"Space Pilgrim Episode I: Alpha Centauri",80," 2015","Single-player",7,"Adventure",27.88,1
"Space Pilgrim Episode II: Epsilon Indi",80," 2016","Single-player",7,"Adventure",27.88,31
"Space Pilgrim Episode III: Delta Pavonis",80," 2016","Single-player",7,"Adventure",1.99,31
"Space Pilgrim Episode IV: Sol",80," 2016","Single-player",10,"Adventure",27.88,31
"Space Pirates and Zombies",80," 2011","Single-player",48,"Action",9.99,26
"Space Rangers HD: A War Apart",80," 2013","Single-player",82,"Action",14.99,220
"SpaceChem",90," 2011","Single-player",20,"Indie",9.99,25
"Spaceport Hope",60," 2016","Single-player",24,"Action",1.99,1
"Sparkle 2 Evo",60," 2011","Single-player",22,"Action",4.99,3
"Sparkle 3 Genesis",50," 2015","Single-player",32,"Action",4.99,2
"Spec Ops: The Line",80," 2012","Single-player",50,"Action",29.99,98
"SpellForce 3: Soul Harvest",80," 2019","Single-player",42,"RPG",24.99,7
"Spelunky",80," 2013","Single-player",20,"Indie",14.99,131
"Spiny Adventures",50," 2017","Single-player",50,"Indie",0.99,0
"Splendor",60," 2015","Single-player",31,"Casual",9.99,90
"Squishy the Suicidal Pig",80," 2014","Single-player",11,"Adventure",5.99,4
"Star Chronicles: Delta Quadrant",50," 2015","Single-player",14,"Indie",0.99,204
"Star Traders: Frontiers",80," 2018","Single-player",33,"RPG",14.99,68
"Starbound",80," 2016","Single-player",51,"Action",14.99,1820
"Stardew Valley",90," 2016","Single-player",40,"Indie",14.99,28601
"StarFence: Heroic Edition",50," 2015","Single-player",22,"Action",0.99,1
"Starpoint Gemini 2",60," 2014","Single-player",52,"Action",34.99,15
"Starpoint Gemini Warlords",60," 2017","Single-player",54,"Action",34.99,48
"Starship Annihilator",50," 2016","Single-player",13,"Action",0.99,25
"State of Decay",80," 2013","Single-player",46,"Action",13.98,18
"Staxel",60," 2019","Single-player",23,"Indie",19.99,63
"SteamWorld Dig",80," 2013","Single-player",24,"Action",9.99,24
"SteamWorld Dig 2",90," 2017","Single-player",34,"Action",19.99,47
"SteamWorld Heist",90," 2016","Single-player",47,"Action",14.99,32
"SteamWorld Quest: Hand of Gilgamech",80," 2019","Single-player",44,"Adventure",24.99,26
"Steel Division: Normandy 44",60," 2017","Single-player",47,"Action",39.99,113
"Steel Invaders",80," 2016","Single-player",12,"Action",0.99,0
"STEINS;GATE",90," 2016","Single-player",42,"Adventure",29.99,265
"STEINS;GATE 0",90," 2018","Single-player",28,"Adventure",34.99,92
"Stellaris",60," 2016","Single-player",104,"Simulation",39.99,16162
"Stick Fight: The Game",80," 2017","Online Multi-Player",28,"Action",4.99,776
"Stones of Sorrow",50," 2015","Single-player",14,"Action",2.99,3
"Stories: The Path of Destinies",80," 2016","Single-player",37,"Action",82.93,9
"Strange Brigade",60," 2018","Single-player",60,"Action",49.99,148
"Street Fighter 30th Anniversary Collection",50," 2018","Single-player",17,"Action",39.99,46
"Street Fighter V",50," 2016","Single-player",45,"Action",19.99,2374
"Strike Suit Zero",80," 2013","Single-player",27,"Action",19.99,5
"Stronghold Crusader 2",50," 2014","Single-player",81,"Simulation",39.99,571
"Styx: Master of Shadows",80," 2014","Single-player",33,"Action",29.99,86
"Styx: Shards of Darkness",80," 2017","Single-player",38,"Action",39.99,71
"Subnautica",80," 2018","Single-player",17,"Adventure",24.99,3046
"Sudden Strike 4",50," 2017","Single-player",61,"Strategy",29.99,219
"Suits: A Business RPG",80," 2016","Single-player",35,"Action",0.99,460
"Sunset Overdrive",80," 2018","Single-player",80,"Action",19.99,52
"SUPER DISTRO",40," 2015","Single-player",5,"Action",0.99,1
"Super Duper Flying Genocide 2017",60," 2016","Single-player",1002,"Action",0.99,1
"Super Duper Party Pooper",80," 2016","Single-player",26,"Casual",0.99,3
"Super Hexagon",90," 2012","Single-player",6,"Action",2.99,28
"Super Jigsaw Puzzle: Generations",70," 2019","Single-player",17,"Casual",70.84,190
"Super Meat Boy",80," 2010","Single-player",48,"Indie",14.99,105
"Super Win the Game",80," 2014","Single-player",32,"Action",7.99,1
"SUPERFIGHT",50," 2016","Single-player",77,"Casual",9.99,1
"SUPERHOT",80," 2016","Single-player",26,"Action",24.99,77
"Supraland",90," 2019","Single-player",59,"Action",19.99,81
"Supreme Commander 2",80," 2010","Single-player",47,"Strategy",12.99,301
"Supreme Ruler Ultimate",60," 2014","Single-player",33,"Indie",19.99,77
"Surgeon Simulator",80," 2013","Single-player",123,"Action",9.99,19
"Survival Kingdom",50," 2016","Single-player",24,"Indie",2.99,1
"Surviving Mars",60," 2018","Single-player",70,"Simulation",29.99,1023
"Swag and Sorcery",50," 2019","Single-player",50,"Adventure",12.99,25
"SweatShop",40," 2016","Single-player",50,"Casual",0.99,3
"Swiftly",50," 2016","Single-player",24,"Action",0.99,0
"Sword Art Online: Fatal Bullet",60," 2018","Single-player",63,"Action",39.99,260
"Sword Art Online: Hollow Realization Deluxe Edition",60," 2017","Single-player",53,"Action",49.99,104
"Swords and Soldiers HD",80," 2010","Single-player",25,"Action",9.99,3
"Syberia 3",50," 2017","Single-player",40,"Adventure",29.99,61
"Tabletop Simulator",80," 2015","Single-player",27,"Casual",19.99,5619
"Take Thy Throne",50," 2016","Single-player",11,"Action",1.99,1
"Tales from the Void",50," 2016","Single-player",29,"Action",9.99,0
"Tales of Maj'Eyal",90," 2012","Single-player",1746,"Adventure",6.99,170
"Tales of Symphonia",80," 2016","Single-player",39,"RPG",19.99,110
"Tales of Vesperia: Definitive Edition",80," 2019","Single-player",53,"RPG",49.99,292
"Tales of Zestiria",80," 2015","Single-player",56,"RPG",49.99,97
"Talisman: Digital Edition",60," 2014","Single-player",242,"Indie",6.99,298
"Tannenberg",80," 2019","Online Multi-Player",67,"Action",19.99,64
"Teddy Floppy Ear - The Race",60," 2015","Single-player",14,"Indie",4.99,7
"TEKKEN 7",80," 2017","Single-player",42,"Action",39.99,5653
"Teleglitch: Die More Edition",80," 2013","Single-player",39,"Action",12.99,7
"Tenrow",60," 2016","Single-player",4,"Casual",2.99,1
"Terraforming Mars",50," 2018","Single-player",20,"Strategy",19.99,723
"Terraria",90," 2011","Single-player",88,"Action",9.99,45465
"TerraTech",80," 2018","Single-player",15,"Action",24.99,424
"Tesla Breaks the World!",40," 2014","Single-player",16,"Adventure",9.99,0
"Tetropunk",50," 2017","Single-player",14,"Casual",2.99,95
"The Adventures of Fluffy",30," 2017","Single-player",10,"Adventure",0.99,29
"The Adventures of Tree",60," 2015","Single-player",93,"Adventure",4.99,4
"The Albatross",40," 2017","Single-player",7,"Action",1.99,507
"The Ball",60," 2010","Single-player",17,"Action",9.99,3
"The Banner Saga",80," 2014","Single-player",39,"Indie",24.99,74
"The Banner Saga 2",80," 2016","Single-player",55,"Indie",24.99,62
"The Banner Saga 3",60," 2018","Single-player",101,"Indie",24.99,40
"The Big Elk",60," 2016","Single-player",18,"Action",3.99,0
"The Binding of Isaac",90," 2011","Single-player",99,"Action",4.99,252
"The Binding of Isaac: Rebirth",90," 2014","Single-player",403,"Action",14.99,14905
"The Braves & Bows",60," 2017","Single-player",10,"Adventure",3.99,0
"The Bridge",80," 2013","Single-player",20,"Casual",37.96,10
"The Bureau: XCOM Declassified",50," 2013","Single-player",41,"Action",19.99,26
"The Butterfly Sign",50," 2016","Single-player",13,"Action",4.99,0
"The Butterfly Sign: Human Error",50," 2017","Single-player",89,"Action",4.99,0
"The Cave",80," 2013","Single-player",27,"Adventure",14.99,13
"The Cooking Game",50," 2016","Single-player",49,"Casual",5.99,8
"The Culling Of The Cows",60," 2014","Single-player",5,"Action",9.99,3
"The Darkness II",80," 2012","Single-player",50,"Action",29.99,32
"The Deed",80," 2015","Single-player",17,"Adventure",27.88,1034
"The Descendant",80," 2016","Single-player",50,"Adventure",14.99,2204
"The Elder Scrolls V: Skyrim Special Edition",80," 2016","Single-player",75,"RPG",39.99,27656
"The Elder Scrolls V: Skyrim VR",80," 2018","Single-player",75,"RPG",59.99,362
"The End Is Nigh",80," 2017","Single-player",106,"Action",14.99,19
"The Escapists",80," 2015","Single-player",37,"Action",17.99,71
"The Escapists 2",80," 2017","Single-player",58,"Indie",19.99,605
"The Evil Within",80," 2014","Single-player",71,"Action",19.99,362
"The Evil Within 2",80," 2017","Single-player",51,"Action",59.99,402
"The Far Frontier",60," 2017","Single-player",15,"Casual",2.99,0
"The Final Station",80," 2016","Single-player",23,"Action",14.99,28
"The Flame in the Flood",60," 2016","Single-player",36,"Action",14.99,20
"The Forest",80," 2018","Single-player",45,"Action",19.99,24009
"The friends of Ringo Ishikawa",80," 2018","Single-player",10,"Action",14.99,57
"The Incredible Adventures of Van Helsing",80," 2013","Single-player",95,"Action",14.99,38
"The Incredible Adventures of Van Helsing II",50," 2014","Single-player",63,"Action",14.99,13
"The Incredible Adventures of Van Helsing: Final Cut",50," 2015","Single-player",50,"Action",44.99,48
"The Jackbox Party Pack",80," 2014","Single-player",20,"Casual",24.99,36
"The Jackbox Party Pack 2",80," 2015","Single-player",20,"Casual",24.99,73
"The Jackbox Party Pack 3",80," 2016","Single-player",20,"Casual",24.99,266
"The Jackbox Party Pack 4",80," 2017","Local Multi-Player",20,"Casual",24.99,114
"The Jackbox Party Pack 5",60," 2018","Single-player",20,"Casual",29.99,75
"THE KING OF FIGHTERS 2002 UNLIMITED MATCH",80," 2015","Single-player",12,"Action",14.99,134
"THE KING OF FIGHTERS XIII STEAM EDITION",80," 2013","Single-player",46,"Action",19.99,159
"THE KING OF FIGHTERS XIV STEAM EDITION",80," 2017","Single-player",48,"Action",59.99,50
"The Legend of Heroes: Trails in the Sky",80," 2014","Single-player",27,"RPG",19.99,167
"The Legend of Heroes: Trails in the Sky SC",90," 2015","Single-player",23,"RPG",29.99,114
"The Legend of Heroes: Trails of Cold Steel",90," 2017","Single-player",51,"RPG",39.99,129
"The Legend of Heroes: Trails of Cold Steel II",90," 2018","Single-player",51,"RPG",39.99,80
"The Long Dark",80," 2017","Single-player",40,"Adventure",29.99,6130
"The Long Journey Home",50," 2017","Single-player",69,"Indie",109.96,8
"The Lost",50," 2016","Single-player",29,"Adventure",5.99,0
"The Mean Greens - Plastic Warfare",60," 2015","Online Multi-Player",24,"Action",4.99,17
"The Pasture",50," 2017","Single-player",5,"Casual",0.99,2
"The Red Solstice",60," 2015","Single-player",73,"Action",9.99,7
"The Renegades of Orion 2.0",50," 2016","Single-player",19,"Action",0.99,0
"The Room",90," 2014","Single-player",5,"Adventure",4.99,414
"The Room Three",90," 2018","Single-player",10,"Adventure",5.99,289
"The Room Two",90," 2016","Single-player",7,"Adventure",4.99,250
"The Stanley Parable",80," 2013","Single-player",10,"Adventure",14.99,58
"The Surge",60," 2017","Single-player",67,"Action",29.99,72
"The Swords of Ditto: Mormo's Curse",50," 2018","Single-player",20,"Action",14.99,11
"The Talos Principle",90," 2014","Single-player",40,"Action",39.99,153
"The Technomancer",50," 2016","Single-player",40,"Action",29.99,17
"The Tower Of Elements",50," 2015","Single-player",15,"Action",0.99,79
"The Vagrant",80," 2018","Single-player",40,"Action",3.99,128
"The Vanishing of Ethan Carter",80," 2014","Single-player",14,"Adventure",19.99,6
"The Witcher 2: Assassins of Kings Enhanced Edition",80," 2011","Single-player",52,"RPG",19.99,942
"The Witness",80," 2016","Single-player",2,"Adventure",39.99,144
"The Wolf Among Us",90," 2013","Single-player",35,"Adventure",14.99,82
"The Wonderful End of the World",60," 2008","Single-player",11,"Indie",9.99,3
"Thea: The Awakening",80," 2015","Single-player",31,"Indie",19.99,48
"There's Poop In My Soup",80," 2016","Single-player",22,"Casual",0.99,5
"Thief",60," 2014","Single-player",37,"Action",19.99,142
"Thief Simulator",60," 2018","Single-player",24,"Action",19.99,420
"This Is the Police",80," 2016","Single-player",10,"Adventure",14.99,80
"This Is the Police 2",60," 2018","Single-player",12,"Adventure",14.99,51
"This War of Mine",80," 2014","Single-player",42,"Adventure",19.99,3134
"Thomas Was Alone",80," 2012","Single-player",35,"Indie",9.99,10
"Three Digits",50," 2015","Single-player",14,"Casual",1.99,0
"Thronebreaker: The Witcher Tales",80," 2018","Single-player",39,"Adventure",29.99,176
"Through Abandoned: The Underground City",80," 2015","Single-player",5,"Adventure",0.99,14
"Through the Ages",80," 2018","Single-player",86,"Indie",15.99,160
"Ticket to Ride",80," 2012","Single-player",83,"Casual",9.99,481
"Time in Time",50," 2017","Single-player",39,"Indie",1.99,29
"Tinboy",50," 2015","Single-player",13,"Casual",1.99,7
"Tiny and Big: Grandpa's Leftovers",80," 2012","Single-player",53,"Indie",9.99,3
"Titan Quest Anniversary Edition",80," 2016","Single-player",96,"Action",19.99,1507
"Titan Souls",80," 2015","Single-player",27,"Action",14.99,33
"To The Capital",50," 2016","Single-player",17,"RPG",1.99,0
"To the Moon",90," 2011","Single-player",1,"Adventure",9.99,134
"Toadled",80," 2016","Single-player",24,"Action",0.99,3
"Toki Tori",80," 2010","Single-player",38,"Casual",4.99,3
"Tomb Joe",50," 2017","Single-player",3,"Action",0.99,2
"Tomb Raider",90," 2013","Single-player",50,"Action",19.99,830
"Tooth and Tail",80," 2017","Single-player",38,"Action",19.99,20
"Torchlight",80," 2009","Single-player",66,"RPG",14.99,49
"Torchlight II",80," 2012","Single-player",119,"Action",19.99,441
"Torment: Tides of Numenera",60," 2016","Single-player",52,"Adventure",44.99,29
"Torn Tales",50," 2017","Single-player",22,"Adventure",10.99,3
"Total War: ATTILA",60," 2015","Single-player",118,"Strategy",44.99,2426
"Total War: THREE KINGDOMS",80," 2019","Single-player",68,"Action",59.99,8055
"Total War: WARHAMMER",60," 2016","Single-player",185,"Action",59.99,741
"Total War: WARHAMMER II",80," 2017","Single-player",134,"Action",59.99,5685
"Touhou Luna Nights",90," 2019","Single-player",22,"Action",17.99,51
"Tower Wars",60," 2012","Single-player",35,"Action",7.99,7
"Town of Salem",80," 2014","Online Multi-Player",361,"Indie",4.99,782
"Townopolis",50," 2008","Single-player",22,"Casual",41.92,3
"Toy Soldiers",80," 2012","Single-player",17,"Action",9.99,7
"Train Fever",50," 2014","Single-player",39,"Casual",19.99,31
"Train Valley",80," 2015","Single-player",39,"Casual",9.99,25
"Train Valley 2",80," 2019","Single-player",59,"Casual",14.99,219
"Trainz Railroad Simulator 2019",50," 2019","Single-player",23,"Simulation",69.99,362
"Trainz: A New Era",50," 2015","Single-player",23,"Simulation",39.99,127
"Transistor",80," 2014","Single-player",33,"Action",19.99,35
"TransOcean: The Shipping Company",50," 2014","Single-player",38,"Casual",24.99,44
"Transport Fever",60," 2016","Single-player",53,"Simulation",34.99,253
"Trianguluv",70," 2017","Single-player",5,"Action",1.99,2
"Tribal Pass",60," 2016","Single-player",14,"Action",5.99,2
"Tricky Towers",80," 2016","Single-player",29,"Casual",14.99,144
"Tricolour Lovestory",80," 2017","Single-player",70,"Adventure",1.99,245
"Tropico 4",80," 2011","Single-player",70,"Simulation",14.99,152
"Tropico 5",60," 2014","Single-player",70,"RPG",19.99,190
"Tropico 6",80," 2019","Single-player",40,"Simulation",49.99,1288
"Trouble In The Manor",50," 2015","Online Multi-Player",21,"Action",0.99,2
"Tumblestone",80," 2016","Single-player",28,"Action",24.99,8
"Turbo Pug 3D",60," 2016","Single-player",8,"Casual",1.99,31
"Turbo Pug DX",80," 2016","Single-player",27,"Casual",0.99,25
"Turmoil",80," 2016","Single-player",31,"Indie",9.99,554
"Twilight Struggle",80," 2016","Single-player",31,"Simulation",9.99,91
"Twisty's Asylum Escapades",50," 2016","Single-player",14,"Action",4.99,201
"Two Digits",60," 2015","Single-player",13,"Casual",1.99,1
"Two Point Hospital",80," 2018","Single-player",34,"Indie",34.99,1181
"Two Worlds II HD",50," 2011","Single-player",61,"RPG",19.99,94
"Tyranny",80," 2016","Single-player",70,"Adventure",29.99,141
"Ultimate Arena",50," 2016","Online Multi-Player",1,"Action",17.99,3
"Ultimate Arena",80," 2016","Single-player",20,"Simulation",4.99,3
"Ultimate Chicken Horse",80," 2016","Online Multi-Player",31,"Action",14.99,401
"Ultimate Fishing Simulator",80," 2018","Single-player",75,"Casual",19.99,67
"Ultimate General: Civil War",80," 2017","Single-player",39,"Indie",29.99,577
"Ultra Savage",60," 2019","Single-player",50,"Adventure",2.99,6
"UltraGoodness",60," 2017","Single-player",22,"Action",5.99,1
"Under Zero",40," 2016","Single-player",5,"Action",3.99,0
"Unheard",80," 2019","Single-player",12,"Indie",6.99,257
"Urban Empire",40," 2017","Single-player",74,"Simulation",29.99,3
"VA-11 Hall-A: Cyberpunk Bartender Action",90," 2016","Single-player",34,"Adventure",14.99,184
"Vagante",80," 2018","Single-player",44,"Action",14.99,85
"Valdis Story: Abyssal City",80," 2013","Single-player",77,"Action",14.99,8
"Vampyr",60," 2018","Single-player",28,"Action",49.99,195
"Vanquish",80," 2017","Single-player",50,"Action",19.99,25
"Verdun",80," 2015","Online Multi-Player",58,"Action",19.99,157
"Vikings - Wolves of Midgard",50," 2017","Single-player",39,"Action",29.99,29
"Viscera Cleanup Detail",80," 2015","Single-player",85,"Indie",12.99,316
"VITATIO 2",50," 2017","Single-player",68,"Adventure",0.99,3
"Void Bastards",80," 2019","Single-player",24,"Action",29.99,38
"VVVVVV",90," 2010","Single-player",19,"Action",4.99,28
"War for the Overworld",80," 2015","Single-player",142,"Indie",29.99,94
"Warframe",80," 2013","Single-player",187,"Action",19.99,53161
"Wargame: European Escalation",60," 2012","Single-player",29,"Strategy",9.99,37
"Wargroove",60," 2019","Single-player",23,"Indie",19.99,72
"Warhammer 40,000: Dawn of War II",80," 2009","Single-player",73,"Strategy",19.99,255
"Warhammer 40,000: Dawn of War III",50," 2017","Single-player",84,"Action",39.99,149
"Warhammer 40,000: Gladius - Relics of War",60," 2018","Single-player",56,"Strategy",84.93,799
"Warhammer 40,000: Inquisitor - Martyr",50," 2018","Single-player",65,"Action",49.99,2117
"Warhammer 40,000: Mechanicus",80," 2018","Single-player",34,"Strategy",29.99,230
"Warhammer: Chaosbane",50," 2019","Single-player",43,"Action",49.99,46
"Warhammer: End Times - Vermintide",80," 2015","Single-player",108,"Action",29.99,120
"Warhammer: Vermintide 2",60," 2018","Single-player",26,"Action",29.99,14790
"Wasteland 2: Director's Cut",80," 2014","Single-player",46,"Adventure",29.99,145
"Way of the Samurai 4",60," 2015","Single-player",50,"Action",24.99,29
"We Are The Dwarves",60," 2016","Single-player",34,"Action",19.99,4
"We Happy Few",50," 2018","Single-player",60,"Action",59.99,149
"We Were Here Too",60," 2018","Online Multi-Player",20,"Adventure",9.99,63
"Weapon Shop Fantasy",80," 2017","Single-player",131,"Adventure",6.99,53
"Weedcraft Inc",60," 2019","Single-player",32,"Indie",19.99,31
"West of Loathing",90," 2017","Single-player",28,"Adventure",10.99,408
"Westboro",50," 2017","Single-player",17,"Action",3.99,22
"What's under your blanket !?",80," 2016","Single-player",14,"Simulation",0.99,1
"What's under your blanket 2 !?",60," 2017","Single-player",89,"Adventure",0.99,1
"What Remains of Edith Finch",90," 2017","Single-player",9,"Adventure",19.99,120
"Whispering Willows",80," 2014","Single-player",20,"Adventure",69.95,4
"Wild Island Quest",50," 2015","Single-player",10,"Adventure",1.99,2
"Windward",60," 2015","Single-player",31,"Action",9.99,33
"Wings of Prey",50," 2009","Single-player",45,"Simulation",9.99,10
"Wizard of Legend",80," 2018","Single-player",19,"Action",15.99,309
"Wolfenstein II: The New Colossus",50," 2017","Single-player",80,"Action",59.99,441
"Wolfenstein: The New Order",80," 2014","Single-player",50,"Action",19.99,402
"Won't You Be My Laser?",50," 2016","Single-player",25,"Casual",0.99,3
"Woodle Tree 2: Worlds",50," 2016","Single-player",10,"Action",3.99,1
"World of Goo",80," 2008","Single-player",8,"Indie",14.99,23
"World of Guns: Gun Disassembly",80," 2014","Single-player",42,"Free to Play",9.99,172
"Worms Clan Wars",60," 2013","Single-player",14,"Strategy",24.99,53
"Worms Reloaded",80," 2010","Single-player",61,"Strategy",19.99,72
"Worms Revolution",80," 2012","Single-player",34,"Strategy",14.99,138
"Worms W.M.D",60," 2016","Single-player",29,"Action",29.99,359
"WWE 2K16",50," 2016","Single-player",55,"Simulation",49.99,12
"WWE 2K17",50," 2017","Single-player",59,"Simulation",49.99,14
"WWE 2K18",50," 2017","Single-player",52,"Simulation",59.99,16
"WWE 2K19",50," 2018","Single-player",47,"Simulation",59.99,62
"X3: Albion Prelude",80," 2011","Single-player",33,"Action",9.99,93
"X3: Terran Conflict",80," 2008","Single-player",33,"Action",15.99,80
"X4: Foundations",50," 2018","Single-player",44,"Action",49.99,2840
"XCOM: Enemy Unknown",80," 2012","Single-player",85,"Strategy",29.99,1029
"Yakuza 0",80," 2018","Single-player",55,"Action",19.99,1263
"Yakuza Kiwami",80," 2019","Single-player",55,"Action",19.99,452
"Yakuza Kiwami 2",80," 2019","Single-player",59,"Action",29.99,420
"Yargis - Space Melee",50," 2015","Single-player",9,"Action",9.99,3
"Yet Another Zombie Defense HD",80," 2017","Single-player",27,"Action",3.99,139
"Yonder: The Cloud Catcher Chronicles",80," 2017","Single-player",38,"Adventure",24.99,16
"Yooka-Laylee",60," 2017","Single-player",35,"Action",39.99,28
"Youtubers Life",60," 2016","Single-player",54,"Indie",24.99,106
"Ys Origin",90," 2012","Single-player",46,"Action",19.99,20
"Yu-Gi-Oh! Legacy of the Duelist",80," 2016","Single-player",21,"Simulation",19.99,102
"Yuppie Psycho",80," 2019","Single-player",34,"Adventure",16.66,61
"Yury",50," 2014","Single-player",14,"Action",1.99,0
"Z",60," 2014","Single-player",25,"Action",6.99,15
"Zero Escape: The Nonary Games",80," 2017","Single-player",38,"Adventure",29.99,97
"Zero Escape: Zero Time Dilemma",80," 2016","Single-player",33,"Adventure",19.99,30
"Zero Gear",60," 2010","Single-player",45,"Action",4.99,1
"Zombie Army Trilogy",80," 2015","Single-player",68,"Action",44.99,191
"Zombie Killtime",60," 2015","Single-player",9,"Action",1.99,0
"ZombieCarz",50," 2016","Single-player",16,"Action",3.99,1
"Zup!",80," 2016","Single-player",118,"Casual",0.99,5
"Zup! Zero 2",80," 2018","Single-player",160,"Casual",0.99,5
